CadeauId,TripId
512,1
6929,1
8601,1
8989,1
8659,1
2370,1
9998,1
8474,1
3841,1
768,2
813,2
4146,2
8467,2
1566,2
4822,2
3288,2
6561,2
1232,2
7676,2
6974,2
1798,2
6975,2
3755,2
5708,2
8350,2
7413,2
8960,2
2030,3
9670,3
6787,3
9236,3
6494,3
2880,3
5739,3
914,4
965,4
3406,4
3271,4
2036,4
9557,4
4481,4
8181,4
7572,4
940,5
7586,5
1343,5
3443,5
2902,5
9000,5
8707,5
2084,5
5543,5
7084,5
8435,5
734,6
4263,6
5786,6
4384,6
9751,6
7292,6
1866,6
2358,6
6297,6
9884,6
6892,6
6199,6
2868,6
3895,6
2403,6
8078,6
6370,6
9516,6
1051,7
8159,7
2469,7
6145,7
1650,7
9540,7
6179,7
6756,7
3467,7
7387,7
3409,7
9257,7
3193,7
9481,7
6349,7
530,8
9256,8
1934,8
8141,8
1269,8
8166,8
8140,8
2098,8
8302,8
4036,8
585,8
2451,9
2572,9
7170,9
8020,9
5150,9
3918,9
2886,9
4599,9
6025,9
5932,9
39,10
678,10
2258,10
840,10
7428,10
7253,10
5056,11
9507,11
8928,11
673,12
7382,12
3980,12
9642,12
9714,12
3525,12
3903,12
1854,13
8631,13
5640,13
9961,13
6591,13
8156,13
5434,13
5285,13
2318,13
4782,13
9536,13
8498,13
821,14
9503,14
8391,14
5416,14
8396,14
4329,14
8371,14
2791,14
474,15
5036,15
1340,15
8915,15
3066,15
8787,15
6899,15
8918,15
3629,15
9732,15
961,16
4576,16
3981,16
8328,16
3680,16
8664,16
3637,16
1040,17
8541,17
4234,17
7206,17
8739,17
6229,17
8793,17
5268,17
1646,17
2065,17
3790,17
118,18
7933,18
1799,18
8185,18
9587,18
2590,18
8305,18
9338,18
8551,18
9712,18
2951,18
7576,18
658,18
3957,18
3505,18
8378,18
338,19
2470,19
4665,19
9764,19
5321,19
8755,19
1036,19
6228,19
8602,19
6316,19
8067,19
1848,19
5364,19
6696,19
6451,19
1057,19
6184,19
8040,19
4235,19
511,20
8776,20
2997,20
964,20
4209,20
3532,20
9632,20
4496,20
3523,20
4779,20
4421,20
1324,20
9401,20
7695,20
9021,20
613,21
5699,21
2186,21
2919,21
6413,21
1631,21
9777,21
3728,21
824,21
288,22
3899,22
7341,22
3272,22
7632,22
2284,22
2000,22
2402,22
6746,22
4118,22
7961,22
554,22
4048,22
1094,23
2203,23
2839,23
6383,23
3730,23
9697,23
8885,23
9556,23
3496,23
2032,23
9872,23
1620,24
6178,24
3785,24
5660,24
7348,24
7529,24
2475,24
7644,24
9148,24
4670,24
7064,24
7376,24
5349,24
4182,24
1624,24
5347,24
6061,24
5625,24
30,25
2892,25
735,25
5351,25
7389,25
2602,25
9623,25
9324,25
9032,25
9237,25
6733,25
5007,25
9430,25
2753,25
9354,25
5654,25
5548,25
6826,25
4468,25
7571,25
982,26
2817,26
4723,26
6437,26
2226,26
472,27
5729,27
3917,27
4432,27
6675,27
2570,27
5441,27
6035,27
4630,27
703,28
2405,28
8762,28
2120,28
9915,28
6436,28
1384,28
8697,28
5968,28
3071,28
5967,28
5662,28
7668,28
1950,29
3431,29
6665,29
8361,29
6164,29
9437,29
4509,29
6958,29
5996,29
1164,30
4490,30
7753,30
7441,30
9651,30
8394,30
5245,30
3245,30
6425,30
3273,30
1234,31
5260,31
4986,31
715,32
2421,32
9118,32
5841,32
7735,32
9620,32
1003,32
9912,32
4147,32
8448,32
7442,32
5433,32
1829,33
2878,33
4654,33
2720,33
7326,33
5635,33
1990,33
326,34
4291,34
5752,34
1667,34
5213,34
9478,34
7028,34
4794,34
2128,35
3660,35
4180,35
2891,36
9917,36
3949,36
5387,36
8973,36
5774,36
3599,36
632,37
3427,37
6969,37
1025,37
1253,37
9821,37
9846,37
3255,37
4980,37
1961,37
7263,37
3795,37
8429,37
3868,37
8262,37
1352,37
620,38
1404,38
7187,38
1292,38
841,38
8446,38
3244,38
1882,38
1102,38
1188,38
1165,38
6016,38
8321,38
9659,38
1287,39
4762,39
1737,39
8208,39
8405,39
9359,39
1626,39
6340,39
7227,39
170,40
1599,40
2225,40
2185,40
4326,40
9374,40
5132,40
8283,40
3807,40
6677,40
1917,40
8481,40
7087,40
6201,40
8122,40
5549,40
7192,40
315,41
487,41
5313,41
2816,41
9024,41
3068,41
3049,41
918,41
8058,41
8781,41
7645,41
4279,41
7877,41
9253,41
8711,41
3345,41
4083,41
1271,41
2428,41
6992,41
343,42
4690,42
4590,42
3884,42
2837,42
1883,42
904,43
3872,43
5167,43
5500,43
981,43
9264,43
6019,43
8704,43
3461,43
410,44
5269,44
3362,44
7620,44
1581,44
834,44
6834,44
8165,44
1041,44
4301,44
4495,44
9749,44
5895,44
3529,44
5315,44
7294,44
5033,44
6230,44
6905,44
1196,44
4666,44
4740,44
2041,44
639,45
1630,45
8969,45
7270,45
6558,45
5979,45
8615,45
5381,45
8904,45
3061,45
6894,45
8268,45
691,46
6066,46
5844,46
9889,46
9033,46
5647,46
6825,46
2239,46
1321,47
7078,47
9902,47
2133,47
2415,47
5914,47
4643,47
9792,47
4948,47
2723,47
4404,47
1590,47
4908,47
8066,47
1035,48
3450,48
4941,48
4116,48
4642,48
4488,48
6588,48
7196,48
3535,48
4015,48
2604,48
1757,48
7792,48
5965,48
9391,48
19,49
889,49
887,49
7658,49
7212,49
4303,49
4575,49
9781,49
8367,49
2279,49
1011,50
7193,50
5000,50
9918,50
9583,50
2659,50
6907,50
5815,50
2432,51
7590,51
9934,51
6419,51
3138,51
1797,52
3165,52
8903,52
2323,52
1996,52
2003,52
7949,52
2444,53
2597,53
4114,53
9320,53
3139,53
8497,53
2824,53
74,54
9689,54
3465,54
577,54
4458,54
7141,54
9619,54
1077,54
6051,54
2459,54
6101,54
2441,54
9645,54
437,55
4594,55
4537,55
9079,55
2088,55
6556,55
9002,55
5663,55
2076,55
7501,55
5265,55
1608,55
3112,55
9907,55
6562,55
2927,55
732,55
2277,56
4710,56
9830,56
9470,56
8172,56
178,57
5580,57
4024,57
3639,57
420,57
3401,57
5149,57
9428,57
671,57
371,58
443,58
4505,58
3213,58
3689,58
6496,58
8605,58
8277,58
4737,58
1800,59
4674,59
7533,59
2087,59
3953,59
5015,59
1255,60
2161,60
5778,60
8769,60
4194,60
5362,60
9826,60
1965,60
8107,60
6748,60
3256,60
9389,60
112,61
5234,61
3091,61
3772,61
4765,61
8195,61
8115,61
7332,61
3242,61
3495,61
9407,61
7528,61
6707,61
9523,61
3920,61
8855,61
2178,61
641,62
1173,62
7811,62
3127,62
9972,62
953,62
7636,62
9472,62
8463,62
5170,62
1468,62
4166,62
7189,62
687,62
5716,62
1111,62
1063,63
9351,63
4926,63
6566,63
1567,63
1451,63
8307,63
2838,63
3752,63
7504,63
2118,63
825,64
7025,64
1221,64
4936,64
1328,64
4151,64
7213,64
5410,64
1145,64
1562,64
5559,64
3202,64
683,65
5962,65
1042,65
9292,65
5777,65
721,65
4158,65
4396,65
380,66
6661,66
7731,66
4968,66
5012,66
4932,66
1281,66
1060,67
7783,67
4952,67
3840,67
2091,67
3516,67
5650,67
7732,67
1257,67
4877,67
5412,67
4981,67
12,68
6298,68
8947,68
905,68
3558,68
9443,68
1880,68
833,68
1951,68
7222,68
9480,68
8332,68
8368,68
2548,68
1463,69
5685,69
7375,69
3466,69
8635,69
71,70
7404,70
5568,70
962,70
4816,70
5948,70
8702,70
9347,70
7984,70
6966,70
293,71
5502,71
8064,71
7614,71
4946,71
4045,71
9913,71
6405,71
9127,71
1082,71
2965,71
7353,71
2228,72
4318,72
2520,72
5389,72
5696,72
7191,72
3541,72
8651,72
2900,72
9116,72
3145,72
3072,73
4469,73
3133,73
7050,73
9692,73
3528,73
9725,73
9766,73
528,74
5063,74
8270,74
5603,74
5375,74
1264,74
8322,74
5421,74
4819,74
2573,75
4835,75
7948,75
6924,75
567,76
5776,76
6119,76
4493,76
6337,76
1604,77
6095,77
6804,77
2647,77
8143,77
5561,77
9445,77
9602,77
8802,77
7127,77
4018,77
5898,77
9048,77
394,78
2835,78
9657,78
959,78
6876,78
7108,78
8894,78
9475,78
8271,78
8655,78
3724,78
4997,78
3235,78
1561,78
543,78
316,79
4447,79
3225,79
8168,79
1762,79
9550,79
3735,79
5098,79
8479,79
992,79
830,80
6082,80
6311,80
6869,80
7074,80
3632,80
7646,80
3613,80
4266,80
4714,80
5275,80
28,81
1639,81
4579,81
5629,81
7764,81
6753,81
1712,81
9233,81
6489,81
8846,81
7920,81
6176,81
8308,81
8083,81
3094,81
5067,81
985,81
432,82
1211,82
8343,82
4171,82
6395,82
7201,82
4181,82
4069,82
4097,82
8284,82
2719,82
6334,82
5630,82
4272,82
1421,83
5299,83
2177,84
7736,84
3336,84
4293,84
8145,84
8857,84
3926,84
352,85
9750,85
5013,85
2047,85
1062,85
103,86
4106,86
8939,86
7106,86
3444,86
3656,86
4972,86
2495,86
16,87
6376,87
9882,87
2994,87
4327,87
5186,87
3269,87
5463,87
1152,87
4940,87
943,87
8791,87
8425,87
1471,88
8291,88
8544,88
9077,88
9525,88
6309,88
8124,88
1753,88
8689,88
3669,88
1700,89
4987,89
5489,89
8191,89
8433,89
8742,89
3012,89
9232,89
3704,89
111,90
257,90
7924,90
5439,90
7405,90
6372,90
9491,90
5728,90
1334,90
1911,90
5519,90
9678,90
7886,90
5681,90
7958,90
532,91
5179,91
3047,91
563,91
1492,91
8639,91
9224,91
1406,91
1588,91
6896,91
2552,91
6192,91
8735,91
2182,91
4078,91
3648,91
3873,91
6546,91
2209,92
7224,92
4473,92
5495,92
6267,92
8648,92
7740,92
694,93
5426,93
5172,93
8853,93
6124,93
6680,93
2634,93
7537,93
2876,93
1859,93
465,94
2471,94
3037,94
1140,94
2792,94
9679,94
9219,94
6505,94
6604,94
1013,95
8761,95
2449,95
1976,96
6482,96
5670,96
2841,96
3743,96
6881,96
4115,96
7338,96
657,97
3746,97
6270,97
3647,97
7633,97
3211,97
9083,97
337,98
819,98
9417,98
638,98
8542,98
312,99
6780,99
4311,99
7154,99
2240,99
2490,99
2993,99
1994,99
2620,99
4273,99
2890,99
2712,99
3446,99
799,100
7420,100
3802,100
5720,100
8199,100
2292,100
881,100
6691,100
4090,100
6555,100
7855,100
1720,100
1635,100
1413,100
24,101
8569,101
8680,101
5577,101
2567,101
6719,101
2954,101
9402,101
3626,101
195,102
8867,102
6171,102
5695,102
9022,102
287,102
5425,102
6133,102
5202,102
6904,102
7663,102
3099,102
1637,103
2663,103
5834,103
7634,103
4962,103
3736,103
4581,103
7455,103
5768,103
8062,103
294,104
9129,104
7075,104
4409,104
8100,104
4148,104
7310,104
3013,104
5906,104
5250,104
1526,104
4424,104
6432,104
515,105
9042,105
3308,105
9088,105
3828,105
1414,105
3033,105
2651,105
235,106
8095,106
8963,106
1538,106
6682,106
1169,106
2530,106
4091,106
938,107
4499,107
3432,107
9677,107
4183,107
6221,107
1273,107
2426,107
6593,107
9634,107
7397,107
5159,107
1876,107
4984,107
1642,107
7383,107
8329,107
6708,107
426,108
2301,108
4621,108
7182,108
8641,108
4876,108
8522,108
4800,108
1014,108
778,109
3004,109
6272,109
2064,109
3453,109
3344,109
4453,109
6238,109
1790,109
8633,109
719,110
6626,110
3605,110
4100,110
7866,110
2315,111
3291,111
2828,111
619,112
8138,112
4789,112
2979,112
5220,112
7566,112
6159,112
6141,112
1813,112
3232,112
22,113
8600,113
3607,113
6574,113
720,113
1803,114
3862,114
3928,114
3100,114
9421,114
5059,114
1251,115
7449,115
7798,115
9199,115
6891,115
9195,115
5977,115
9646,115
1975,115
5318,115
6853,115
9545,115
403,116
3177,116
9945,116
3342,116
5222,116
7110,116
576,116
6279,116
1431,116
5289,116
8117,116
3464,116
6281,116
9376,116
7329,116
9366,116
1007,116
1865,116
416,117
8183,117
7049,117
2699,117
4945,117
8022,117
1665,117
9704,117
9522,117
3914,117
4872,117
8296,117
820,118
7266,118
7081,118
2289,118
9196,118
7628,118
1569,118
4884,118
3668,118
8139,118
2636,118
3334,118
4295,118
3065,118
2327,118
2235,119
3034,119
4197,119
6357,119
5763,119
4527,119
3662,119
8733,119
3633,119
9426,119
548,120
5600,120
7301,120
4500,120
8292,120
7230,120
796,120
4833,120
2679,120
1139,120
8036,120
4052,120
6614,120
7603,120
4215,120
240,121
1369,121
6485,121
2693,121
9104,121
8988,121
7545,121
393,122
1135,122
6427,122
4089,122
3498,122
6569,122
4778,122
3764,122
852,123
9311,123
1027,123
1310,123
5009,123
5174,123
7431,123
2404,123
7985,123
1663,123
9639,123
9624,123
6497,123
7261,123
6667,123
37,124
7917,124
8404,124
7908,124
8819,124
6268,124
2445,124
4795,124
729,124
5907,124
5103,124
8102,124
2556,124
8014,124
447,125
7484,125
3280,125
7629,125
7259,125
5934,125
1201,125
5691,125
6844,125
5661,125
4343,125
5946,125
6871,125
604,126
7273,126
3264,126
8402,126
4879,126
4064,126
7530,126
9444,126
888,126
5648,126
5248,126
1610,126
4226,126
3044,126
2611,126
4122,126
1107,126
9584,126
332,127
2646,127
401,127
5749,127
9273,127
8994,127
3293,127
1130,127
1194,127
3568,127
5799,127
108,128
2504,128
9877,128
1505,128
6190,128
8355,128
3779,128
9457,128
3952,128
2092,128
9039,128
138,128
6072,128
663,129
1537,129
7009,129
2916,129
3813,129
7679,129
726,129
2034,129
2960,129
5437,129
681,130
4437,130
9896,130
5168,130
2863,130
2600,130
2079,130
8796,130
2231,130
8109,130
2922,130
8217,130
6617,130
5262,130
242,131
7503,131
1046,131
7904,131
1217,131
1382,131
5413,131
1497,131
1402,131
1565,131
7970,131
6266,131
219,132
7070,132
7682,132
933,132
7058,132
7094,132
2728,132
1891,133
3442,133
6765,133
4054,133
7685,133
4896,133
297,134
6645,134
9459,134
1649,134
2125,134
1298,134
1929,134
7493,134
7307,134
9086,134
2738,134
2367,135
8235,135
3338,135
8949,135
5813,135
2785,135
2575,135
5380,135
378,136
5102,136
2685,136
5081,136
7144,136
9733,136
6023,136
9191,136
5794,136
5378,136
8201,136
2731,136
4189,136
4456,136
203,137
728,137
218,137
3111,137
8028,137
7772,137
6242,137
2809,138
9161,138
8771,138
81,139
1716,139
8372,139
8234,139
3751,139
2806,139
2947,139
1633,140
6289,140
5532,140
8831,140
8559,140
9037,140
1647,140
5883,140
7862,140
1557,141
5151,141
4841,141
1563,141
9023,141
3859,142
7373,142
8536,142
6967,142
4622,142
4405,142
1127,143
5819,143
2864,143
8935,143
5911,143
5711,143
1792,144
8535,144
7195,144
8993,144
5875,144
5109,144
9644,144
8868,144
1839,144
2987,144
9971,144
122,145
4748,145
5992,145
6216,145
6112,145
4867,145
5723,145
3562,146
4210,146
8500,146
6926,146
6420,146
1923,147
8327,147
7161,147
9382,147
9650,147
9885,147
9909,147
1315,148
4459,148
6942,148
1355,148
3123,148
7975,148
1128,149
4193,149
3321,149
5319,149
4277,149
8975,149
1824,149
7802,149
2418,149
6139,149
4675,149
1618,150
4099,150
8938,150
5002,150
6732,150
9738,150
9244,150
2296,150
9515,150
3801,150
9834,150
5563,150
220,151
8311,151
8096,151
6649,151
4213,151
1857,151
1747,151
7819,151
3890,151
6941,151
9952,151
363,152
5807,152
4120,152
9442,152
6108,152
2692,152
5279,152
1125,152
9803,152
3924,152
1834,152
1351,152
7661,152
2158,152
1286,153
2255,153
1850,153
3657,153
4446,153
2046,153
1815,153
5491,153
6607,153
2774,153
1488,153
1534,154
2703,154
8336,154
8721,154
4377,154
7475,154
9153,154
5185,154
7835,154
5095,154
4316,155
471,156
7156,156
1788,156
6754,156
7200,156
7424,156
9564,156
9663,156
622,156
7246,156
1215,157
7573,157
8469,157
2595,157
1223,157
1314,157
2263,157
5430,157
7915,157
3948,157
4524,157
5249,157
6599,157
1658,157
4130,157
3358,157
262,158
6654,158
2736,158
3910,158
6712,158
9854,158
9879,158
3307,158
6027,158
4913,158
7398,158
3960,159
4123,159
6740,159
6059,159
6723,159
5595,159
7460,159
2031,160
4419,160
2299,160
7001,160
5075,160
2072,160
2274,160
7029,160
9760,160
8717,160
8661,160
5456,160
9201,160
4609,160
134,161
7696,161
7688,161
8480,161
6470,161
680,162
1209,162
884,162
3476,162
1991,162
7065,162
5377,162
2870,162
6377,162
5761,162
1350,163
5016,163
3898,163
6697,163
2497,163
3596,163
5166,163
851,164
7287,164
3548,164
6639,164
6618,164
3509,164
6931,164
580,165
6954,165
3439,165
4830,165
2216,165
1733,165
5986,165
1707,165
5955,165
8558,165
4706,165
9383,165
6629,165
49,166
8986,166
4914,166
8142,166
3508,166
525,166
3553,166
370,166
2159,166
1520,166
248,166
253,166
461,166
110,167
1826,167
4174,167
5129,167
1473,167
939,167
4412,167
1401,167
4102,167
375,167
4290,167
6743,167
9847,167
264,168
967,168
7492,168
8532,168
4026,168
2823,168
3597,168
6123,168
3140,168
3527,168
5037,168
5041,168
7785,168
9266,168
6864,168
6956,168
4845,168
8596,168
9665,168
3932,168
653,168
6449,168
4546,168
1598,168
238,169
6978,169
971,169
9853,169
3542,169
9151,169
6107,169
5301,169
5853,169
177,170
7749,170
9671,170
7291,170
8830,170
1133,170
3122,170
7116,170
4636,170
686,170
3620,170
4704,170
1175,170
6873,170
1156,171
4667,171
9614,171
4179,171
7883,171
6713,171
481,172
2027,172
3451,172
7194,172
924,172
2911,172
9215,172
4401,172
3314,172
5307,172
1828,172
9559,172
1121,172
1021,172
8919,172
7015,172
595,172
5,173
149,173
5038,173
3823,173
1179,173
772,173
6283,173
6982,173
4965,173
467,173
51,174
6400,174
3707,174
7567,174
2080,174
6997,174
4350,174
7598,174
9372,174
1308,174
9938,174
7698,174
5772,174
9189,174
1913,174
1456,174
1076,174
1932,175
8216,175
3782,175
8813,175
4676,175
5978,175
2138,175
5457,175
2762,175
7728,175
2956,175
6726,175
4368,175
724,176
5947,176
9878,176
2845,176
1888,176
9921,176
9695,176
4325,176
2974,176
6245,176
5028,176
3185,176
5478,176
2160,176
8373,176
4529,176
9768,176
8580,176
6785,176
5244,176
649,177
3199,177
8240,177
958,177
9680,177
1906,177
8964,177
4362,177
5065,177
5745,177
5524,177
741,177
3074,177
8244,177
3732,177
2561,177
5725,177
1247,177
440,178
5138,178
4947,178
8356,178
7321,178
4705,178
6090,178
7177,178
7861,178
5118,178
5585,178
8362,178
1843,178
6347,178
6196,178
8568,178
5790,178
8112,178
2101,178
6322,178
4837,178
2094,179
7737,179
4652,179
8597,179
3664,179
9637,179
6581,179
5094,179
7149,179
5175,179
5886,179
6147,179
7276,179
3192,179
241,180
8194,180
7053,180
3740,180
2453,180
6351,180
8687,180
2010,181
6784,181
8582,181
3494,181
7550,181
5551,181
4096,181
3623,182
8399,182
8260,182
7919,182
7625,182
8663,182
8658,182
9447,182
9216,182
4684,182
78,183
2222,183
516,183
2414,183
7829,183
2334,183
9497,183
290,183
2025,183
2163,184
8094,184
3327,184
4721,184
7152,184
4132,184
790,185
9933,185
1168,185
5829,185
3309,185
2337,185
5517,185
1409,185
4517,185
5080,185
7640,185
3973,185
5356,185
124,186
4679,186
4243,186
7135,186
7498,186
7678,186
5727,186
5047,186
9983,186
3961,186
8691,186
464,187
8377,187
1892,187
9702,187
3353,187
3803,187
9675,187
300,188
8443,188
1743,188
5142,188
2797,188
3618,188
6182,188
9848,188
8952,188
773,188
1034,188
6812,188
573,189
1026,189
2750,189
3490,189
5639,189
2372,189
4265,189
3966,189
8883,189
1447,189
7822,189
6986,189
9569,189
2194,189
995,189
4503,189
4448,189
2918,189
6389,189
8764,189
4204,189
9690,189
5859,189
4400,189
8620,189
376,190
6631,190
6540,190
2491,190
7518,190
2546,190
7891,190
6422,190
8088,190
4624,190
8832,190
7409,190
9054,190
6795,190
1669,190
3447,190
9469,190
6920,190
1862,190
2569,190
17,191
3575,191
6532,191
187,191
6999,191
2644,191
9744,191
763,191
4425,191
6564,191
2966,191
7832,191
2419,191
1749,191
547,191
835,192
5806,192
2273,192
6450,192
6917,192
9498,192
7143,192
1263,192
9794,192
66,193
1718,193
2591,193
9843,193
6613,193
2199,193
7704,193
1732,193
8147,193
9258,193
8259,193
779,193
8092,193
5901,193
640,193
5130,193
4904,193
3352,193
3312,193
492,194
4185,194
3284,194
9183,194
9418,194
9900,194
6214,194
3787,194
1444,194
9101,194
9329,194
4445,194
6897,194
1789,195
2175,195
5594,195
9502,195
8437,195
8730,195
9633,195
2259,195
6258,195
2314,195
1335,196
4044,196
5613,196
4811,196
6018,196
3014,196
8860,196
6433,196
5990,196
3970,197
4536,197
5520,197
7990,197
5620,197
5963,197
7643,197
7289,197
4187,197
217,198
3019,198
5866,198
3319,198
427,198
5736,198
8886,198
334,199
6515,199
5848,199
7052,199
7894,199
1984,199
540,199
972,200
5407,200
2356,200
4550,200
1928,200
6307,200
6767,201
8962,201
8157,201
7509,201
853,202
1572,202
8128,202
2150,202
6647,202
3481,202
6441,202
7906,202
193,203
224,203
8806,203
4385,203
4342,203
6782,203
5306,203
8288,203
8287,203
8654,203
7469,203
333,204
3297,204
3767,204
7140,204
3954,204
5164,204
6741,204
8315,204
4281,204
456,204
5839,204
5758,204
3557,205
8636,205
8645,205
8000,205
2139,206
7624,206
7267,206
7912,206
9496,206
7055,206
7349,206
3174,206
1202,207
4219,207
4632,207
7511,207
9992,207
9967,207
4047,207
9041,207
198,208
4502,208
4839,208
5840,208
8599,208
2326,208
8406,208
2460,208
2399,208
4170,208
5828,208
2609,209
6633,209
2981,209
5336,209
3341,209
3579,209
7914,209
4300,209
3268,209
418,210
6606,210
7092,210
875,210
3333,210
3692,210
8729,210
7218,210
8365,210
4638,210
1675,210
9817,210
4818,210
1945,210
1149,210
9770,210
55,211
7865,211
6484,211
8341,211
9367,211
3759,211
7095,211
990,211
7880,211
3996,211
391,212
3001,212
7245,212
8374,212
6010,212
4055,212
2741,212
4420,212
1822,213
5144,213
3056,213
1874,213
5879,213
6017,213
31,214
9898,214
53,214
6950,214
6153,214
4031,214
8438,214
6369,214
4256,214
1724,214
9108,214
9339,214
5053,214
6390,214
1514,214
1390,215
5189,215
8933,215
8103,215
7440,215
8348,215
3396,215
8878,215
1591,215
1262,216
1641,216
7169,216
9763,216
8395,216
5317,216
2664,216
4742,216
1268,216
6191,216
5675,216
3457,216
1830,216
5738,216
8357,216
614,217
6504,217
4173,217
4549,217
6036,217
5694,217
4186,217
1303,218
9819,218
8987,218
1570,218
2961,218
1895,218
3301,218
9905,218
5226,218
6659,218
5460,218
1346,219
2234,219
2359,219
8936,219
1705,219
8492,219
9762,219
6134,219
7320,219
6291,219
4324,219
7556,219
7125,219
2861,219
2821,220
7109,220
4222,220
6527,220
6140,220
6660,220
8423,220
2501,221
9776,221
3298,221
8692,221
450,222
6055,222
5664,222
1435,222
5923,222
9996,222
5903,222
6084,222
3519,222
1256,222
4892,222
1644,222
9986,222
9727,222
1136,222
1279,222
9384,222
173,223
7548,223
5127,223
2848,223
5066,223
8800,223
1615,223
2538,223
172,224
1612,224
3753,224
3278,224
5871,224
7601,224
2252,224
9271,224
1634,224
2625,224
3564,224
1728,224
3194,224
1410,224
3351,224
9388,224
1846,225
8727,225
4365,225
7987,225
2412,225
6043,225
6333,225
8611,225
3797,225
323,226
6700,226
6411,226
8205,226
9453,226
3995,226
2574,226
538,227
2408,227
4155,227
6718,227
1265,227
1731,227
2507,227
3304,227
7807,227
8581,227
1871,228
7123,228
2014,228
9595,228
6032,228
8961,228
1963,228
9235,228
9534,228
9710,228
5331,228
2503,228
6761,228
1979,228
476,229
8719,229
3625,229
3893,229
8954,229
1424,230
2975,230
5782,230
7967,230
6642,230
6683,230
6512,230
5485,230
7884,230
8444,230
155,231
8889,231
9008,231
6244,231
4764,231
7872,231
848,231
6518,231
6404,231
2043,231
1607,231
8323,231
611,232
5814,232
1812,232
4747,232
9070,232
4280,232
4910,232
3323,232
8389,232
3852,232
6206,232
8978,232
3811,232
69,233
6778,233
2063,233
5868,233
5193,233
9527,233
4865,233
2152,233
3955,233
8683,233
3227,233
3363,233
6110,233
6886,233
348,233
572,233
7304,233
5266,233
2378,234
2990,234
2688,234
6030,234
8736,234
3786,234
1919,235
5897,235
9171,235
2643,235
2616,235
2901,235
5534,235
7557,235
623,236
976,236
9410,236
7073,236
5817,236
2171,237
8175,237
3606,237
7342,237
75,238
507,238
1187,238
2656,238
7795,238
7425,238
690,238
699,239
9871,239
2073,239
9863,239
4020,239
6653,239
5557,239
42,240
2674,240
2456,240
6086,240
3929,240
3887,240
8392,240
9327,240
8944,240
109,240
505,240
8213,240
6487,240
7746,240
8734,240
5384,241
9131,241
8809,241
7048,241
9923,241
9429,241
4206,242
7391,242
5769,242
5482,242
9250,242
2069,243
8799,243
5684,243
6252,243
4750,243
139,244
7356,244
5224,244
4450,244
3609,244
4489,244
7868,244
1578,244
6310,244
8380,244
2854,244
1375,244
4847,244
2038,244
2142,245
4620,245
2458,245
7297,245
169,246
4898,246
6148,246
2851,246
5668,246
3063,246
2714,246
4074,246
3539,246
9526,246
2,247
2553,247
7540,247
743,247
5713,247
7180,247
221,248
3260,248
5837,248
1185,248
5851,248
1842,248
5209,248
9807,248
2049,248
9643,248
749,249
4276,249
7963,249
4640,249
2882,249
9648,249
5698,249
5693,249
4188,249
3348,249
5445,249
4335,249
1132,250
7039,250
1532,250
4994,250
2781,250
4970,250
4466,250
6324,250
7860,250
3234,250
6265,250
5261,250
349,251
8133,251
842,251
4625,251
5484,251
8108,251
8759,251
473,251
5024,251
1504,252
4061,252
3942,252
2487,252
7619,252
3969,252
9315,252
5247,252
3877,252
3459,252
3041,252
1138,253
5355,253
4441,253
4814,253
2833,253
6358,253
4051,253
7482,253
1638,253
1894,253
1745,253
9743,253
8149,253
5938,253
1237,254
1884,254
6047,254
1952,254
5972,254
7833,254
3246,254
6209,254
3780,254
5892,254
4978,254
2341,254
2430,254
3119,254
1084,255
3710,255
5771,255
8477,255
5956,255
5281,255
6020,255
6681,255
2834,255
4274,255
2978,255
5486,255
1682,255
7231,255
8690,255
1489,256
6705,256
7035,256
8805,256
4804,256
5683,256
4656,256
9299,256
6129,256
6925,256
5390,256
8854,256
2765,256
2275,256
8032,256
7554,256
7738,256
8575,256
258,257
3266,257
8051,257
1472,257
5114,257
3501,257
4810,257
9577,257
3839,257
8843,257
4790,257
805,257
7837,257
2164,257
1622,258
5572,258
5498,258
4861,258
2999,258
5980,258
3090,258
8738,258
7841,258
6678,258
7439,258
5949,258
1868,258
3624,258
3006,258
7638,258
3798,258
8788,258
1272,259
9302,259
8825,259
5529,259
1771,259
2877,259
2521,259
4961,259
1814,259
168,260
8674,260
7150,260
2496,260
7559,260
4915,260
7605,260
7652,260
2898,260
5026,260
8155,260
6727,260
1388,260
174,261
7118,261
7812,261
7561,261
7674,261
7403,261
2557,261
9746,261
5069,261
3681,261
3249,261
598,261
2537,261
8121,261
1827,261
7521,261
9448,261
6096,261
1735,261
754,262
4824,262
2807,262
9737,262
8672,262
7457,262
9968,262
5505,262
1583,262
8887,262
557,263
6852,263
1250,263
2437,263
4422,263
3150,263
6367,263
3418,263
5550,263
2013,264
2794,264
8539,264
3098,264
3886,264
3991,264
3263,264
9167,264
534,265
1924,265
4248,265
7562,265
7751,265
1325,265
6686,265
5165,265
8556,265
3131,265
7922,265
5726,265
7767,265
7896,265
280,266
4247,266
4639,266
1896,266
5987,266
2761,266
4770,266
5398,266
5286,266
9141,266
7823,266
9178,266
354,267
8473,267
9293,267
570,267
7995,267
3195,267
4165,267
4025,267
6816,267
8675,267
5503,267
5608,267
6854,267
1181,268
7361,268
6762,268
9423,268
6776,268
4463,268
9412,268
6602,268
3544,268
8545,268
6500,269
8758,269
643,270
9283,270
1594,271
8060,271
6210,271
360,272
6362,272
5452,272
1992,272
9636,272
1776,272
4991,272
2768,272
2524,272
1195,272
7184,272
989,273
6586,273
7888,273
7240,273
8313,273
5060,273
2931,273
5395,273
4498,273
9513,273
5277,273
469,274
7114,274
520,274
952,274
5264,274
4032,274
702,274
9548,274
6250,274
2398,274
1226,274
1443,275
3938,275
7284,275
7510,275
3720,275
9297,275
76,276
5476,276
3738,276
6880,276
1207,276
2585,276
2739,276
8485,276
4950,276
8670,276
6329,276
3101,276
635,277
7734,277
8871,277
7801,277
7255,277
9396,277
1693,277
425,278
3589,278
8003,278
697,278
4562,278
9816,278
3580,278
1982,278
4773,278
7564,278
1754,279
7220,279
6211,279
3643,279
4297,279
3530,279
8285,279
4141,279
6814,279
5850,279
8301,279
8386,279
9880,279
330,280
6057,280
7650,280
5636,280
6161,280
7570,280
2969,280
4600,280
9175,280
3400,280
2770,280
8127,280
2932,280
2132,280
2011,280
2392,280
1148,280
2285,280
6611,280
867,281
8996,281
8644,281
6146,281
3241,281
4967,281
23,282
9422,282
1219,282
3845,282
6821,282
2266,282
2316,282
3547,282
5546,282
186,282
2059,282
3695,282
7763,282
3719,282
1517,282
4661,282
931,282
4330,282
9081,282
2929,282
454,283
2454,283
579,283
6984,283
4592,283
1820,283
1503,284
6802,284
2905,284
4878,284
6335,284
1176,285
2295,285
9140,285
3762,285
7998,285
1326,285
4613,285
3167,285
792,286
7741,286
2151,286
4673,286
496,287
5936,287
973,287
1742,287
9668,287
7249,287
6237,287
8098,287
2473,287
1930,287
414,288
1116,288
2416,288
878,288
6806,288
9597,288
5236,288
6791,288
4863,288
5737,288
6481,288
2639,288
1668,288
8945,288
1855,288
3638,288
9765,288
459,289
9144,289
597,289
9080,289
5353,289
6893,289
4366,289
5097,289
9020,289
8925,289
5414,289
9631,289
2678,289
3894,289
5278,289
1284,290
8684,290
5943,290
2746,290
7669,290
9103,290
9654,290
2543,291
8324,291
8179,291
2564,291
8018,291
6069,291
8116,291
4267,291
133,292
5371,292
8851,292
1395,292
3964,292
771,292
7762,292
5975,292
4707,292
1067,292
3057,292
6319,292
4518,292
994,292
7657,292
2872,292
6026,292
5233,292
72,293
7483,293
3661,293
4853,293
1502,293
7907,293
8462,293
3869,293
9188,293
1052,293
1323,293
3458,293
1053,294
3978,294
1772,294
2162,294
8432,294
4067,294
298,295
6379,295
2549,295
6580,295
6650,295
462,295
4925,295
5199,295
6232,295
2551,295
6813,295
9111,295
7709,295
9674,295
6750,295
2869,295
9687,295
1398,295
4160,295
175,296
4555,296
7020,296
2420,296
8431,296
1393,296
6345,296
5798,296
5731,296
6857,296
166,297
514,297
552,297
6535,297
5902,297
513,297
6502,297
8926,297
3971,297
1283,297
8773,297
6944,297
9249,297
758,298
1364,298
1872,298
6041,298
5781,298
4306,298
4608,299
5376,299
6786,299
9686,299
5581,299
7132,299
8767,299
1297,300
4066,300
2363,300
3243,300
3931,300
7104,300
4253,300
5835,300
2665,300
9600,300
1354,301
8760,301
1577,301
5112,301
3303,301
2433,301
9790,301
6339,301
3835,301
6640,301
6769,301
150,302
7973,302
223,302
6371,302
5040,302
5571,302
8381,302
6313,302
6910,302
1376,302
5057,302
8924,302
9,303
5904,303
4307,303
7662,303
6519,303
95,303
1796,303
4107,303
4370,303
752,303
6278,303
8033,303
692,304
7665,304
5128,304
9720,304
3552,304
9441,304
2815,305
1191,306
4875,306
4060,306
1206,306
1311,306
6721,306
9745,306
3069,306
9207,306
1455,306
3617,306
6008,306
2062,306
4408,306
1564,307
8506,307
7902,307
6921,307
4008,307
6548,307
4589,307
1810,307
8034,307
5504,307
564,308
1103,308
3842,308
4361,308
8998,308
3907,308
672,309
9505,309
6256,309
6412,309
7542,309
6524,309
1819,309
1666,309
1907,309
6430,309
9820,309
7410,309
1022,310
9482,310
9802,310
7840,310
9566,310
9241,310
2747,310
90,311
6073,311
7937,311
8320,311
5020,311
1241,311
6912,311
1189,311
9464,311
5011,311
2587,311
8893,311
2271,311
5893,311
407,311
8828,311
2018,311
1120,312
9810,312
2555,312
9772,312
5493,312
9122,312
1629,312
9409,312
6703,312
7115,312
283,313
4627,313
546,313
4373,313
4423,313
4244,313
7098,313
7994,313
5754,313
3083,313
8557,313
7042,313
1703,313
5497,313
4302,313
7080,313
8137,313
6916,313
5358,313
9119,313
4678,313
630,314
5330,314
3055,314
2686,314
2717,314
8339,314
4840,314
1432,314
2146,314
4850,314
6204,314
9809,314
8784,314
8113,314
8409,314
8616,314
6091,314
2280,315
7030,315
4598,315
7131,315
7137,315
2690,315
7014,315
15,316
8529,316
7107,316
3559,316
9903,316
1000,317
6393,317
9397,317
6274,317
6403,317
6866,317
8173,317
3117,317
5162,317
7138,317
8971,317
1801,317
3128,317
1101,318
2246,318
2213,318
9699,318
9217,318
7953,318
1235,318
6901,318
2278,318
3043,318
3292,318
33,319
6050,319
9198,319
2531,319
4482,319
2577,319
9317,319
212,319
9788,319
4251,319
2494,319
4989,319
8337,319
3858,319
4238,319
7178,319
3650,319
1243,320
2532,320
2115,320
8872,320
8552,320
4313,320
9859,320
2889,320
7934,320
1931,320
1330,320
2635,320
2384,320
8221,320
5951,320
1070,321
4532,321
3398,321
8706,321
2831,321
6970,321
9580,321
4992,321
1680,322
3024,322
3875,322
9893,322
3302,322
7897,322
706,323
1495,323
7044,323
3518,323
7103,323
3514,323
2508,323
6220,323
762,323
3556,323
7647,323
6111,323
2789,323
6327,323
2638,323
344,324
5241,324
1756,324
9833,324
1242,324
2859,324
5232,324
3697,324
2257,324
8956,324
5324,324
2083,324
8606,324
742,325
3016,325
8325,325
798,325
6477,325
4328,325
2722,325
4702,325
1925,325
5181,325
7863,325
5259,325
1172,326
9064,326
5801,326
3783,326
6506,326
8574,326
3289,326
3572,326
1490,326
4911,326
2671,326
7119,326
4650,326
1231,326
9265,326
5617,326
8151,326
85,327
1794,327
8864,327
304,327
8790,327
8011,327
3038,327
8647,327
9676,327
4391,327
9375,327
5204,327
8089,327
5784,327
2576,327
3433,327
2953,327
5818,327
4760,327
9060,327
318,327
143,328
9456,328
8770,328
7612,328
1411,328
7946,328
872,328
6724,328
863,329
9649,329
1878,329
7610,329
3685,329
4758,329
2472,329
1204,329
4838,329
1521,329
9029,329
6930,329
7385,329
2875,329
2338,330
4739,330
8618,330
9473,330
6575,330
828,331
3230,331
9107,331
8421,331
8132,331
4417,331
5160,331
3748,331
997,331
1442,331
3588,331
5312,331
5392,331
324,332
7587,332
775,332
8862,332
2082,332
8554,332
4520,332
4354,332
5935,332
5373,332
1677,332
2897,332
8950,332
6855,332
8695,332
602,332
5212,332
8979,333
9052,333
255,334
7061,334
3315,334
5573,334
6490,334
2099,334
4103,334
4184,334
662,335
9458,335
5950,335
1259,335
6458,335
9708,335
1849,335
9369,335
755,335
2498,335
8514,335
1095,336
5575,336
6215,336
3816,336
1937,336
3594,336
7486,336
7606,336
5917,336
3182,336
317,337
5773,337
6077,337
5954,337
4150,337
832,337
1580,337
5123,337
4974,337
8812,337
3132,337
3512,337
5619,337
4570,337
2795,338
3179,338
6173,338
7911,338
8184,338
7980,338
7027,338
5496,338
9542,338
3026,338
399,339
4796,339
5408,339
856,339
7463,339
9784,339
1319,339
2529,339
5372,339
4221,339
126,340
5458,340
730,340
8352,340
6939,340
3882,340
665,340
5240,340
6828,340
1362,340
301,341
980,341
9625,341
3441,341
1606,341
566,341
8700,341
8345,341
4224,341
1574,341
8148,341
2464,341
900,342
1524,342
8630,342
5838,342
2050,342
9069,342
4672,342
7464,342
1748,342
9887,342
3694,342
209,343
5480,343
4071,343
7146,343
6282,343
9851,343
8731,343
2786,343
5101,343
5402,343
4903,343
4556,343
7523,343
4645,343
272,344
4214,344
5797,344
8783,344
3261,344
9135,344
8484,344
3371,344
926,345
9561,345
8081,345
1317,345
8744,345
4164,345
6356,345
3959,345
7351,345
6959,345
3651,345
7589,345
47,346
119,346
4094,346
2618,346
3118,346
9465,346
5045,346
202,346
5913,346
4637,346
9511,346
3792,346
1942,346
8490,346
2483,346
8224,346
8401,346
2605,346
1672,346
4734,347
7040,347
6284,347
8074,347
9707,347
9855,347
6547,347
5921,347
11,348
3815,348
3781,348
517,348
5194,348
6637,348
5273,348
2912,348
3776,348
8258,348
7508,348
2145,349
5995,349
4487,349
7689,349
8211,349
2509,349
2547,350
7684,350
8239,350
8907,350
3175,350
408,351
7651,351
7597,351
9647,351
4336,351
618,351
9146,351
4774,351
7306,351
303,352
5882,352
8354,352
3462,352
526,352
2015,353
3533,353
2390,353
7011,353
3796,353
6264,353
9698,353
3105,353
8434,353
104,354
5787,354
4855,354
7090,354
527,355
9987,355
979,355
3448,355
7416,355
5088,355
2102,355
4871,355
8289,355
4241,355
5399,355
1751,355
8598,355
2319,355
7174,355
4701,355
2849,355
306,356
4134,356
8958,356
2068,357
6312,357
783,358
6194,358
5253,358
6231,358
4756,358
558,359
6627,359
3463,359
4917,359
1761,359
1927,359
2691,359
3642,359
1643,359
1529,359
4930,359
4218,360
8342,360
5856,360
6539,360
9218,360
4299,360
5632,360
523,361
4359,361
4862,361
6511,361
1147,361
8519,361
1276,361
9206,361
1939,361
6819,361
6728,361
2086,361
8456,361
6799,361
3296,361
3220,362
7956,362
6616,362
91,363
9209,363
5465,363
3881,363
4360,363
2328,363
1863,363
7210,363
60,364
9325,364
5820,364
5552,364
7497,364
8196,364
3161,365
7435,365
7771,365
7283,365
3206,366
3395,366
8865,366
3788,366
9154,366
4455,366
5141,366
5894,366
6545,366
659,367
8531,367
3027,367
8070,367
2568,367
7331,367
5284,367
1616,367
310,368
3864,368
7450,368
5335,368
7850,368
9114,368
627,368
1246,368
5366,368
2682,368
7575,368
7209,368
2221,368
5578,368
1510,369
6938,369
6439,369
4452,369
3173,369
3711,369
2696,369
5137,369
7400,369
8607,369
5971,369
2544,370
8186,370
9159,370
7488,370
8153,370
3477,370
6989,370
7399,370
5735,370
6447,370
3503,370
5677,370
3142,370
7577,370
1146,371
6205,371
9066,371
6253,371
5944,371
8916,371
9606,371
2004,371
6288,371
3677,371
6895,371
8518,371
1280,371
7821,371
8335,371
1809,371
1422,371
7377,371
483,372
3382,372
8626,372
5562,372
4828,372
4844,372
3612,372
4345,372
9943,372
751,372
5854,372
8111,372
246,373
722,373
5152,373
434,373
1203,373
9165,373
5565,373
864,373
9098,373
3228,373
6012,373
52,374
3775,374
7355,374
5468,374
1050,375
4039,375
2850,375
8576,375
9223,375
5340,375
3373,375
4117,375
4611,375
3355,375
4225,375
6466,375
4056,375
1498,376
8318,376
7295,376
7422,376
3871,376
8309,376
2843,376
6646,376
8242,376
4783,376
7722,376
3143,376
9308,376
1306,377
9640,377
3635,377
3921,377
812,378
907,378
3536,378
3339,378
4460,378
6977,378
6775,378
5803,378
4358,378
9018,378
9974,378
9729,378
937,378
4682,378
606,379
2622,379
1182,379
2055,379
1860,379
3095,379
4195,379
2796,379
9082,379
791,379
2119,379
165,380
3603,380
8656,380
1174,380
5874,380
6513,380
1875,380
6517,380
5290,380
2310,380
41,381
8245,381
5487,381
3379,381
6321,381
121,381
2672,381
6768,381
4971,381
8653,381
1738,381
4619,381
8187,381
8751,381
541,381
5540,381
977,381
36,382
9289,382
1122,382
4568,382
7706,382
7690,382
1363,382
2365,382
1695,382
5924,382
8517,382
322,383
7319,383
1061,383
7208,383
9062,383
3963,383
6102,383
9226,383
4703,383
9363,383
3578,383
431,384
9627,384
7947,384
2515,384
8310,384
4982,384
6251,384
7887,384
8439,384
7788,384
7547,384
935,384
2096,384
1418,384
3934,385
7777,385
7705,385
5513,385
7068,385
6085,385
9791,385
9487,385
5444,385
6150,385
2400,386
2675,386
9312,386
9287,386
2893,386
6049,386
6181,386
4686,386
86,387
1282,387
3149,387
2058,387
9977,387
127,387
8579,387
3565,387
2052,387
3902,387
1841,388
9027,388
7960,388
2988,388
495,389
1993,389
2938,389
3675,389
802,389
1902,389
7347,389
1332,390
9500,390
2801,390
8527,390
4761,390
6003,390
3965,390
2320,390
2907,391
5044,391
8281,391
5718,391
7600,391
3180,391
4951,391
8671,391
8837,391
582,392
7787,392
9973,392
1184,392
7101,392
3915,392
685,393
6914,393
5644,393
2637,393
7824,393
8295,393
2883,393
8856,393
8849,393
3622,393
8814,393
4043,393
2729,394
6355,394
9017,394
7928,394
6801,394
4053,394
5483,394
9956,394
9398,394
6927,394
5180,394
9276,394
4168,394
1726,395
9920,395
5589,395
3487,395
6317,395
92,396
7153,396
3571,396
7421,396
9551,396
4131,396
4467,396
1614,396
1999,397
6183,397
8154,397
4172,397
2479,397
299,398
7945,398
5682,398
3356,398
7490,398
545,398
7221,398
3367,398
7432,398
7317,398
5564,398
607,399
2210,399
7467,399
2915,399
9582,399
7834,399
8909,399
788,399
1018,399
2559,399
2925,399
8991,399
8609,399
148,400
3582,400
9605,400
5105,400
3986,400
974,400
4551,400
2895,400
2580,400
3279,400
9115,400
8385,400
9399,400
5345,400
1905,400
1873,400
3543,400
4416,400
9993,400
810,401
6624,401
6811,401
2541,401
6246,401
7607,401
4072,401
4907,401
6483,401
4937,401
8312,401
1832,401
5404,401
954,401
966,401
956,401
5706,401
458,402
1069,402
1661,402
4143,402
6435,402
6955,402
6463,402
9978,402
4573,402
5494,402
8002,402
1536,403
8400,403
3521,403
6254,403
2701,403
289,404
811,404
8750,404
7782,404
4079,404
4217,404
5864,404
6572,404
392,404
2413,404
6473,404
4309,404
8870,404
6360,404
3294,404
7459,404
460,405
8708,405
1544,405
3493,405
5423,405
3164,405
1090,405
5983,405
3909,405
3789,405
9321,405
8624,405
2140,405
4136,405
3652,405
1106,405
4664,405
6933,405
7694,405
7197,405
1437,406
4633,406
8665,406
7079,406
7358,406
1816,406
9419,406
2039,406
1110,407
5418,407
1464,407
4934,407
4126,407
4526,407
2903,408
6783,408
7932,408
7088,408
4492,408
5598,408
3627,408
2281,409
4259,409
142,410
1345,410
7864,410
2438,410
1970,410
7609,410
1522,410
4918,410
3324,410
3032,410
9796,410
8826,410
7043,410
1420,410
6751,410
8226,410
9245,410
4403,410
4788,410
2379,411
5909,411
8267,411
6177,411
449,412
2968,412
3364,412
3475,412
3482,412
7472,412
3888,412
901,412
9335,412
704,412
1448,413
9319,413
5704,413
9436,413
6260,413
1585,413
1957,413
2583,413
6235,413
2492,413
6326,413
5556,413
764,414
2147,414
6644,414
7856,414
6609,414
7327,414
9962,414
8937,414
5933,414
6486,414
4535,414
4507,414
7300,414
5804,414
5999,414
4431,414
451,415
8794,415
9282,415
1960,415
7202,415
5826,415
3411,415
4716,415
3151,415
6009,415
2827,415
9537,415
100,416
8393,416
1171,416
4582,416
3223,416
3630,416
4697,416
3804,416
2389,416
4230,416
358,417
9143,417
9247,417
7390,417
9942,417
7760,417
674,417
5473,417
7401,417
2793,417
8930,417
254,418
2395,418
6807,418
2369,418
3370,418
3745,418
6736,418
7599,418
7779,418
1124,418
9100,418
3935,418
4561,418
7513,418
1623,419
3549,419
5438,419
8008,419
7789,419
7175,419
3405,419
7867,419
605,420
3905,420
4005,420
9121,420
6552,420
1554,420
3436,420
8375,420
1659,420
4006,420
876,421
6392,421
5328,421
5459,421
8054,421
9204,421
895,421
3414,421
6375,421
993,421
9055,421
4649,421
4337,422
6208,422
5359,422
1383,423
6538,423
1499,423
1417,423
3976,423
6415,423
3574,423
1329,424
1530,424
7290,424
2593,424
8049,424
2617,424
7921,424
5855,424
2571,424
9269,424
9862,424
9946,424
1786,424
1137,425
1258,425
9036,425
7979,425
3756,425
4888,425
2332,425
2598,425
3136,425
8638,425
1239,425
2640,425
9047,425
4604,425
8879,425
6571,425
342,426
913,426
4894,426
9125,426
7293,426
1575,426
9278,426
3586,426
4474,426
1460,427
8025,427
9494,427
7901,427
9089,427
5271,427
8491,427
9726,427
6397,427
61,428
8298,428
194,428
3009,428
9466,428
642,428
7593,428
6203,428
8214,428
7278,428
8278,428
2972,428
978,428
3714,428
2606,429
9975,429
5789,429
9767,429
5135,429
9629,429
4268,429
5154,429
7982,429
3693,429
6900,429
4271,429
3649,430
6011,430
5239,430
8261,430
6126,430
9731,430
826,431
9894,431
4477,431
9179,431
3860,431
5836,431
7759,431
2109,431
2704,431
7791,431
7916,431
5842,431
6898,431
3497,431
96,432
4985,432
4745,432
4363,432
6118,432
7036,432
3092,432
3614,432
5994,432
3152,432
8263,432
9514,432
6792,432
3349,432
2642,432
231,433
2711,433
5454,433
2967,433
499,434
4232,434
1795,434
8810,434
9579,434
6533,434
6875,434
9440,434
9488,434
9123,434
4022,434
421,435
6300,435
8413,435
4288,435
7505,435
9804,435
1702,435
4924,435
4720,435
1725,435
9186,435
6222,435
2565,436
3354,436
2769,436
4729,436
40,437
950,437
1549,437
62,437
6883,437
1270,437
205,438
7205,438
8847,438
9087,438
3102,438
7664,438
6249,438
874,438
569,438
2727,438
9630,438
9552,438
8411,438
6531,438
4567,438
430,439
9270,439
6241,439
7215,439
7032,439
1049,439
711,439
1047,439
1656,439
6407,439
8458,439
4062,439
3850,439
2312,440
8763,440
6399,440
8489,440
7978,440
5740,440
660,441
7992,441
8604,441
3729,441
7380,441
714,441
3290,441
8827,441
1190,441
6142,441
6276,441
713,442
5541,442
7136,442
2879,442
1457,442
9174,442
1378,442
6676,442
6847,442
1416,442
2523,442
6528,442
2005,442
2217,442
1289,442
5169,442
5535,442
3036,442
9246,442
9220,442
9701,442
1277,443
2782,443
7244,443
4003,443
9800,443
6635,443
1750,443
4312,443
3655,444
5171,444
8627,444
8091,444
7026,444
8246,444
860,445
7931,445
4347,445
2756,445
8953,445
3332,445
1767,446
6655,446
7569,446
4616,446
4305,446
2775,446
9560,446
4602,446
6841,446
7813,446
3275,446
2424,446
5710,446
6444,446
466,447
2029,447
6585,447
817,447
5327,447
8030,447
2406,447
7515,447
2660,447
3799,447
6115,447
1118,447
4954,447
3212,447
8749,447
2493,447
1600,447
1005,448
2734,448
6428,448
1153,448
2366,448
1943,448
4334,448
3022,448
4034,448
2442,448
4030,448
5827,448
3080,448
6887,448
9798,448
4485,448
3821,448
9495,448
1248,448
1347,448
269,449
2940,449
9124,449
5255,449
6771,449
7381,449
3569,449
7148,449
2463,449
9801,449
2707,449
609,450
4246,450
6474,450
2022,450
8487,450
3134,450
1847,450
9539,450
928,451
3522,451
8097,451
2116,451
1852,451
5296,451
3380,451
1496,451
9691,451
3791,451
8222,451
1222,452
5587,452
6296,452
3950,452
8029,452
4200,452
644,453
2350,453
4081,453
6779,453
4016,453
1818,453
4442,453
8016,453
9860,453
5032,453
1685,453
7799,453
6935,453
6988,453
251,454
3153,454
3889,454
7018,454
5931,454
7659,454
3470,454
4296,454
9364,454
3247,454
8461,454
668,454
158,455
1969,455
6492,455
8660,455
5928,455
5453,455
8338,455
4658,455
5762,455
1889,455
6293,455
8360,455
3827,455
1746,455
6758,455
1296,455
1774,456
4426,456
6757,456
6459,456
2985,456
3640,456
5374,456
83,457
7436,457
8210,457
7942,457
2134,457
2357,457
3350,457
3676,457
2957,457
3874,457
8841,457
4677,457
7362,457
8294,457
801,458
5507,458
1936,458
5481,458
2913,458
8589,458
1400,458
4443,458
1229,458
5206,458
2708,458
6039,458
6104,458
307,459
8914,459
9957,459
6063,459
3420,459
4144,459
3189,459
6074,459
4320,459
4287,459
7742,459
6062,459
7285,459
377,460
8093,460
4093,460
1833,460
6076,460
866,460
9113,460
3408,460
7168,460
8785,460
9404,460
1708,461
4771,461
4851,461
7748,461
3452,461
2700,461
846,462
4138,462
4308,462
7433,462
6583,462
9261,462
2446,462
5467,462
3377,463
3424,463
3818,463
4900,463
8534,463
4372,463
7778,463
5190,463
666,464
5582,464
4891,464
7411,464
6902,464
3644,464
718,464
4776,464
1586,464
4623,464
8297,464
4440,464
4846,464
9071,464
2592,464
705,465
5544,465
3229,465
1389,465
2071,465
6961,465
207,466
2800,466
6809,466
2343,466
2336,466
927,466
877,466
3670,466
6567,466
9489,466
6078,466
14,467
9929,467
7769,467
8990,467
5475,467
8340,467
4262,467
6443,467
6630,467
2933,467
8934,467
3721,467
3891,467
2179,467
213,467
4317,467
328,468
2051,468
8822,468
1450,468
8567,468
5964,468
9567,468
7041,468
4162,468
3372,468
4902,468
1288,469
6455,469
5287,469
5490,469
1858,469
9837,469
8525,469
9724,469
9948,469
7815,469
1361,469
1628,469
822,470
6845,470
5046,470
9262,470
1804,470
7305,470
8540,470
5218,470
7190,470
7113,470
919,471
3515,471
4088,471
5400,471
6418,471
9281,471
1483,472
8383,472
7426,472
3744,472
8150,472
2862,472
8369,472
3237,472
5361,472
8101,472
739,473
5816,473
8440,473
5089,473
8037,473
6520,473
9200,473
780,474
9857,474
3017,474
1054,474
7234,474
1161,474
9658,474
2667,474
2610,474
7692,474
2385,474
4817,474
3053,474
951,475
5604,475
8229,475
2124,475
2709,475
3282,475
8902,475
6595,475
3861,475
7394,475
3773,475
1508,475
8829,475
325,476
1711,476
6398,476
8398,476
3082,476
6378,476
767,476
2808,476
932,477
2842,477
4635,477
7122,477
2528,477
8182,477
5148,477
8766,477
7592,477
4956,477
1484,477
936,477
4694,477
2641,477
999,477
8015,477
152,478
390,478
247,478
5687,478
7563,478
7939,478
9741,478
5671,478
8940,478
3390,478
6045,478
9333,478
8087,478
896,478
7322,478
8009,478
4314,479
7181,479
6600,479
7089,479
8388,479
7315,479
157,480
9128,480
8126,480
2208,480
998,480
600,480
3124,480
610,480
4349,480
6401,480
7585,480
6621,480
4606,480
105,481
144,482
8571,482
3454,482
5370,482
1482,482
5280,482
9897,482
2934,482
8732,482
1493,482
800,482
123,483
6509,483
9892,483
9899,483
3983,483
8842,483
9479,483
9014,483
551,483
6550,483
5288,483
5342,483
3076,483
7423,483
8004,483
2387,484
6993,484
5982,484
9861,484
351,485
1752,485
5624,485
4725,485
1163,486
1988,486
2673,486
7635,486
8757,486
9295,486
3399,486
7487,486
6014,486
5843,486
9554,486
4577,486
163,487
3097,487
9337,487
2321,487
2452,487
3474,487
5702,487
7680,487
1766,488
9424,488
2137,488
4227,488
4149,488
3254,488
3699,488
7496,488
4552,488
4156,488
1964,489
6874,489
2112,489
4733,489
6589,489
3734,489
3251,489
9504,489
2855,489
2810,489
8965,489
8743,489
8042,489
2155,490
4753,490
6833,490
5073,490
2212,490
9940,490
4073,490
5985,490
8511,490
4727,491
8634,491
5368,491
8625,491
8588,491
116,492
5115,492
4583,492
5733,492
949,492
9568,492
9194,492
6239,492
6004,492
9935,492
7172,492
1592,492
7004,492
3820,492
3440,492
776,493
9184,493
9979,493
9439,493
4618,493
7238,493
2745,493
1186,493
8526,493
355,494
9613,494
9486,494
444,494
636,495
5420,495
9392,495
7203,495
2754,495
9774,495
5869,495
8158,495
4558,495
1134,495
868,495
1446,495
865,495
9342,495
1244,495
917,496
9815,496
6068,496
2628,496
4077,496
6643,496
7480,496
7408,496
8475,496
6850,496
4076,496
9156,496
1987,496
6174,496
8941,496
4698,496
1926,496
7085,496
129,497
7996,497
5862,497
5029,497
7264,497
5970,497
628,497
922,497
9314,497
1651,497
6619,497
6350,497
6622,497
252,497
815,498
4696,498
1367,498
5309,498
7406,498
369,499
9455,499
1305,499
9176,499
4557,499
2198,499
1494,499
8520,499
1423,499
4560,499
453,499
4766,499
1582,499
8504,499
204,500
5592,500
3585,500
2743,500
2871,500
8745,500
8238,500
4831,500
5208,500
969,501
3491,501
5916,501
2294,501
5322,501
9628,501
9785,501
4870,501
4586,501
2982,501
498,502
6710,502
2264,502
3201,502
5078,502
2195,502
9747,502
4109,502
6731,502
7047,502
8410,502
9150,502
5659,502
171,503
5396,503
7334,503
7878,503
5283,503
6648,503
8501,503
909,504
9849,504
1210,504
2485,504
2991,504
5888,504
3636,504
147,505
7859,505
1921,505
4693,505
3267,505
3286,505
3415,505
925,505
1912,505
586,506
7726,506
8209,506
9182,506
1664,506
9773,506
8488,506
5035,506
1619,506
4289,506
50,507
3073,507
3912,507
7794,507
6476,507
2302,507
7312,507
3005,507
3003,507
6464,507
9599,507
5703,507
9581,507
46,508
3093,508
285,508
4017,508
2388,508
7280,508
4292,508
3048,508
151,509
3705,509
3604,509
2996,509
4743,509
6137,509
1744,509
7954,509
8412,509
7581,509
8215,509
2744,510
9735,510
2904,510
3742,510
9057,510
9825,510
4250,510
7843,510
9285,510
8840,510
3434,510
1764,511
2805,511
5427,511
2657,511
3822,511
7615,511
7926,511
3700,511
5889,511
6054,511
65,512
1806,512
6820,512
8699,512
4597,512
232,512
2236,512
571,513
818,513
3837,513
4648,513
7002,513
2888,513
5649,513
9753,513
9506,513
6387,513
8106,513
8347,513
1587,513
4921,513
4784,513
8959,513
4646,513
2324,513
362,514
8668,514
2382,514
6480,514
5464,514
6285,514
4893,514
479,514
4880,514
794,515
5184,515
7054,515
8577,515
9030,515
5257,515
8027,515
7623,515
6818,515
5263,515
4353,515
8803,515
6702,515
6960,515
9780,515
6029,515
829,516
8114,516
847,516
7485,516
4000,516
6772,516
807,517
4486,517
1293,517
6394,517
2375,517
5676,517
7339,517
6448,517
4203,517
1212,518
5221,518
5927,518
9126,518
8723,518
9316,518
3075,518
1717,518
6693,518
5350,518
1381,518
6508,518
2480,519
2944,519
7033,519
7458,519
6663,519
8667,519
9483,519
9769,519
7672,519
6103,519
4059,519
519,520
7242,520
9063,520
8720,520
7229,520
9618,520
8553,520
1245,520
2261,520
8537,520
6848,520
2377,520
6865,520
5719,520
2894,520
206,521
4084,521
745,521
3554,521
5219,521
331,521
8017,521
9147,521
537,522
679,522
3866,522
6223,522
5658,522
7842,522
5742,522
4515,522
2054,522
5462,522
4591,522
2909,522
9073,522
8472,522
9510,522
1781,522
5755,522
1555,522
5104,522
5116,522
9252,522
1058,523
1180,523
9891,523
6320,523
3257,523
6446,523
9601,523
4046,523
3832,523
5785,523
4511,523
1697,523
3204,523
5334,523
4258,523
960,524
5823,524
5959,524
5005,524
7988,524
8686,524
3658,524
8694,524
8363,524
3217,524
5471,524
1386,524
3763,524
271,525
8725,525
345,525
4012,525
4923,525
4785,525
7277,525
9904,525
8275,525
3645,525
9529,525
6584,525
5881,525
7715,525
1719,525
261,526
6120,526
7531,526
7964,526
8741,526
3240,526
7454,526
2317,526
7744,526
2448,526
1553,526
6417,526
417,526
7831,526
5796,526
6521,526
759,527
3200,527
5090,527
2757,527
6257,527
9361,527
8134,527
9326,527
786,528
921,528
8895,528
1714,528
9163,528
5547,528
9829,528
4634,528
5449,528
7308,528
5018,528
64,529
9214,529
588,529
9626,529
9607,529
7443,529
4668,529
94,529
2023,530
9139,530
3222,530
8983,530
7357,530
4049,530
8900,530
1320,531
4001,531
7534,531
8584,531
5294,531
9365,531
6909,531
4700,531
8866,531
7882,531
9136,531
996,532
6498,532
1088,532
6672,532
7870,532
6269,532
4821,532
8920,532
5431,532
6169,532
5960,532
5545,532
3310,532
7126,532
793,533
2447,533
7500,533
9349,533
3534,533
5182,533
9387,533
2989,533
2669,533
5590,533
9908,533
9703,533
227,534
5920,534
3077,534
9152,534
2450,534
7656,534
4087,534
3849,534
4399,534
8712,534
1008,534
475,534
7112,534
4836,534
4137,534
9331,534
2254,534
4653,535
5096,535
5203,535
8077,535
2596,536
9734,536
5678,536
8255,536
353,537
1543,537
3172,537
7786,537
5747,537
7186,537
1560,538
4004,538
8502,538
4415,538
5084,539
5616,539
6919,539
5586,539
9203,539
5900,539
20,540
2170,540
7951,540
7448,540
7854,540
5446,540
9793,540
6840,540
4897,540
590,540
5795,540
3851,540
4963,540
79,541
7551,541
5666,541
314,541
106,542
2730,542
8180,542
3817,542
1770,542
3366,542
6666,542
5732,542
6815,542
4647,542
9006,542
8863,542
2652,542
3054,542
6046,542
137,543
4539,543
9688,543
5759,543
2873,543
5627,543
4854,543
5214,543
7343,543
5086,543
6987,543
4631,543
6711,543
374,544
4617,544
2772,544
6836,544
8161,544
6202,544
1415,544
5034,544
3412,544
8873,544
5779,544
4392,544
1540,544
5942,544
2819,544
5998,544
6331,544
8135,544
1535,544
63,545
7588,545
3769,545
1769,545
1978,545
107,545
4614,545
357,545
3196,545
3722,545
494,545
2896,545
99,546
9574,546
3713,546
5251,546
6623,546
2391,546
6879,546
9034,546
5085,546
2836,546
5746,546
1837,546
3923,546
387,547
4208,547
4538,547
603,547
9845,547
3988,547
3050,547
1636,547
3504,547
6932,547
7962,547
503,547
634,547
7580,547
9541,547
1971,547
45,548
765,548
3836,548
9145,548
8026,548
7489,548
2566,548
7549,548
8905,548
4629,548
2477,548
5488,548
9716,548
1372,548
621,549
8274,549
7163,549
5631,549
3473,549
7944,549
3184,549
4127,549
6709,549
7243,549
8005,549
7198,549
5560,549
329,550
2291,550
9901,550
9221,550
6503,550
5918,550
723,550
1301,550
7359,550
397,551
9963,551
1948,551
4013,551
8071,551
1684,552
5876,552
7968,552
6605,552
2995,552
5690,552
4406,552
3159,552
4451,552
8416,552
2517,552
9812,552
4717,552
654,553
5860,553
7938,553
3306,553
3784,553
8317,553
2040,553
2478,553
7247,553
8167,553
233,554
3696,554
5003,554
7235,554
2110,554
3725,554
5300,554
1775,554
73,555
6625,555
6197,555
4922,555
2253,555
6668,555
250,555
5969,555
1730,555
57,556
3587,556
5415,556
5197,556
6759,556
2411,556
8685,556
6582,556
1220,557
1835,557
7038,557
3320,557
335,558
7889,558
1486,558
6024,558
7757,558
6788,558
4478,558
2351,558
5802,558
3550,558
365,559
4928,559
2666,559
6965,559
5770,559
6673,559
3985,559
6180,559
5379,559
2935,559
9190,559
4434,559
769,559
521,559
448,560
8495,560
1528,560
8955,560
2676,560
2959,560
9096,560
6856,560
882,560
2035,561
2937,561
3365,561
5238,561
8932,561
3829,561
8807,561
4711,561
4438,561
56,562
3611,562
1890,562
8852,562
9990,562
3486,562
6717,562
1155,563
5119,563
8897,563
9330,563
4596,563
9886,563
1252,564
4813,564
8628,564
3008,564
5601,564
675,565
970,565
6573,565
4125,565
7072,565
5051,565
6541,565
9306,565
8587,565
9068,565
4564,565
9427,565
4722,565
8981,565
5304,565
3846,565
4057,565
5997,565
405,566
1949,566
1012,566
2111,566
5385,566
4522,566
3760,566
8376,566
9852,566
88,567
6685,567
9343,567
8223,567
3018,567
7514,567
4736,567
5686,567
870,567
1763,567
8884,567
2227,567
612,567
1158,568
5651,568
6048,568
9575,568
6385,568
9989,568
9706,568
3927,568
8603,568
1205,569
5252,569
7976,569
7337,569
3413,569
366,570
7844,570
6127,570
4683,570
2798,570
2698,570
1438,570
682,570
1539,570
4007,570
2984,571
4610,571
6858,571
6149,571
3391,571
5821,571
3856,571
1019,572
6462,572
7166,572
5061,572
7461,572
3916,572
6442,572
1123,573
7983,573
4808,573
2677,573
3800,573
4212,573
8243,573
2440,573
7452,573
3619,573
1954,573
9112,573
7003,573
624,574
1105,574
2306,574
9570,574
6114,574
5369,574
3471,574
2631,574
1408,574
7568,574
3506,574
1967,574
2223,574
5579,574
2156,574
3723,574
43,575
3768,575
3967,575
2970,575
8765,575
4286,575
2867,575
1091,575
5717,575
893,575
286,576
3667,576
3274,576
1479,576
1366,576
1734,577
1811,577
2097,577
6234,577
9193,577
9102,577
8424,577
7091,577
6499,577
8968,577
8248,577
6056,577
3147,577
647,578
8946,578
6928,578
5316,578
9718,578
6083,578
4523,578
8715,578
3641,578
2539,578
9377,578
102,579
9664,579
2262,579
4843,579
9158,579
2166,579
923,579
1200,579
4531,579
5939,579
2613,579
7275,579
2992,580
6951,580
4793,580
6368,580
4163,580
3489,580
9177,580
3946,580
8737,580
4380,580
1097,581
5274,581
7849,581
3825,581
6981,581
243,582
7393,582
9341,582
6299,582
8012,582
1904,583
4011,583
2248,583
2100,583
8442,583
87,584
4085,584
7396,584
2562,584
8203,584
696,584
2053,584
249,584
1785,584
3203,584
2127,584
89,585
7466,585
9789,585
1721,585
1985,585
1374,585
199,585
3429,585
9225,585
6452,585
9981,585
2755,585
439,585
8459,585
8256,585
5228,586
6798,586
29,587
8024,587
8286,587
9310,587
8746,587
4919,587
8333,587
6031,587
5225,587
9610,587
9238,587
9028,587
9832,587
4901,587
7173,587
3397,587
2193,587
222,588
8881,588
7021,588
2812,588
1793,588
7045,588
3187,588
1004,588
8578,588
7797,588
7527,588
8228,588
6132,588
7130,588
6670,588
3460,588
7384,588
2683,589
5001,589
7805,589
7167,589
8331,589
5536,589
3766,589
4746,589
3844,589
477,590
2482,590
2713,590
9432,590
1129,590
2926,590
1072,590
7124,590
4178,590
4834,590
3737,590
9110,590
9592,590
1433,591
4196,591
9673,591
3867,591
9358,591
5346,591
3513,591
5272,591
4660,591
5108,591
4955,591
6800,591
5158,591
1885,592
5610,592
6868,592
2943,592
4943,592
7873,592
1309,593
2718,593
1338,593
3999,593
5680,593
3584,593
1625,593
8082,593
9518,593
5730,593
8570,593
7583,593
6777,593
3479,593
3621,593
3940,593
1278,594
8777,594
4528,594
7718,594
1962,594
3593,594
113,595
5325,595
6344,595
1491,595
117,595
9205,595
2832,595
6565,595
3103,595
7100,595
184,596
9031,596
4685,596
518,596
8649,596
6657,596
2724,596
7445,596
7631,596
8047,596
1419,597
4369,597
5161,597
1655,597
4388,597
1114,598
8075,598
8992,598
9275,598
1337,598
2906,598
6070,598
9211,598
1459,598
1487,598
7171,598
153,599
5386,599
1805,599
2443,599
6701,599
6034,599
1512,599
587,599
493,599
3653,599
7159,599
7539,599
2215,600
9168,600
3708,600
245,601
9806,601
7217,601
1356,601
3933,601
1349,601
457,601
6423,601
1729,601
504,602
5872,602
4938,602
2653,602
9499,602
1653,602
1900,602
1597,603
9332,603
2629,603
1821,603
6167,603
8512,603
5055,603
4595,603
4882,603
8795,603
8538,603
3634,603
3600,603
9721,603
9172,603
4751,603
9874,603
8105,603
3809,603
80,604
4798,604
7199,604
6097,604
9906,604
8359,604
7016,604
1576,605
3998,605
3897,605
7671,605
4430,605
7340,605
934,606
4735,606
5440,606
5122,606
5092,606
2002,606
6554,606
305,607
2654,607
8942,607
1087,607
3947,607
5429,607
7345,607
6323,607
561,607
945,608
3219,608
3834,608
2680,608
1119,608
3570,608
6165,608
4571,608
9357,608
6913,608
9420,608
7790,608
2149,608
181,609
6781,609
3718,609
1864,609
506,609
1886,609
4331,609
7532,609
4969,609
8076,609
3407,609
4939,609
1887,609
7969,609
7288,609
7369,609
5518,609
9997,609
1840,609
5715,609
132,610
2144,610
4283,610
7279,610
1867,610
7265,610
3170,610
2601,610
8716,610
1359,610
898,611
7730,611
9856,611
6805,611
1254,611
5477,611
7817,611
2936,611
7023,611
8821,611
1197,611
8450,611
6559,611
8906,611
114,612
7839,612
3387,612
2512,612
4346,612
5466,612
279,612
1079,612
2599,612
9966,612
5337,612
1959,613
8152,613
4192,613
4376,613
6737,613
2778,613
2135,613
7099,613
6980,613
3340,613
3394,613
3428,613
8898,613
6952,613
2519,614
3610,614
9693,614
9353,614
8254,614
3958,614
8913,614
5646,614
3581,614
6495,614
8144,614
485,615
1542,615
1377,615
9572,615
6152,615
1458,615
911,615
491,615
7000,615
7473,615
4542,615
5628,615
2189,615
429,616
4777,616
8922,616
1213,616
8010,616
1430,616
9958,616
1043,617
4699,617
3812,617
5596,617
8778,617
1784,617
4010,617
8797,617
9075,617
6615,617
5499,617
7370,617
141,618
6158,618
6002,618
5270,618
770,618
8177,618
4119,618
6143,618
438,618
3545,618
1104,618
8533,618
4472,618
560,619
7874,619
5531,619
1972,619
4041,619
6157,619
5533,619
760,620
5303,620
3945,620
2196,620
5721,620
6923,620
2737,620
9467,620
2914,620
6730,620
8146,620
67,621
8118,621
6469,621
8344,621
2522,621
8815,621
8713,621
463,621
3480,621
1691,621
6136,621
9655,621
341,622
9155,622
396,622
7830,622
5642,622
5511,622
9267,622
5764,622
6940,622
8614,622
5054,622
8496,622
7233,623
8632,623
2085,624
3913,624
5574,624
8637,624
3943,624
5382,624
6553,624
5808,624
6338,624
7219,624
3154,625
7660,625
6793,625
9530,625
6304,625
1579,626
3215,626
2846,626
2165,626
7747,626
6189,626
4545,626
6943,626
164,627
8057,627
1198,627
8160,627
4759,627
4874,627
4398,627
500,627
6255,627
5237,628
8970,628
6662,628
9462,628
9334,628
59,629
7214,629
637,629
1474,629
7745,629
879,629
4176,629
9535,629
2950,629
1989,629
2505,629
5861,629
7402,629
7517,629
4413,629
236,629
2126,629
1275,630
3313,630
1853,630
7395,630
3631,630
2033,630
5791,630
8230,630
6698,630
7965,630
5526,630
2012,631
9187,631
6823,631
3300,631
3277,631
277,632
1065,632
3062,632
5712,632
7714,632
2626,632
8476,632
1425,632
6998,632
1686,632
2282,632
3567,632
4202,632
3731,632
4504,632
3114,633
4530,633
7378,633
3156,633
9313,633
7176,633
411,634
1341,634
7364,634
3906,634
2297,634
7806,634
693,634
1461,634
8252,634
6829,634
646,634
1953,634
3262,634
5223,634
1533,634
556,635
4029,635
7808,635
9965,635
6679,635
1112,635
4959,635
2847,635
1360,636
1807,636
6064,636
2705,636
6325,636
6688,636
920,637
8617,637
8562,637
1154,637
7723,637
6406,637
2921,637
4827,637
4805,637
3993,637
5525,637
6374,637
4255,637
7565,637
6225,637
381,638
8549,638
8594,638
1699,638
2790,638
5042,638
5367,638
6478,639
7712,639
7188,639
9532,639
7721,639
6529,639
8530,639
8508,639
1002,640
4866,640
1817,640
5542,640
8789,640
9728,640
5031,640
7853,640
1966,640
6722,640
9811,640
9705,640
7223,640
77,641
2340,641
883,641
8678,641
9463,641
7986,641
4587,641
1445,641
656,642
7765,642
8466,642
677,642
2763,642
4920,642
3747,642
676,643
8200,643
7392,643
2364,643
9947,643
6739,643
688,644
5588,644
4580,644
2001,644
8560,644
3178,644
6033,644
8171,644
3186,644
4709,644
3051,644
695,644
292,645
701,645
4139,645
7366,645
3987,645
4927,645
1469,645
5302,645
6603,645
7522,645
1440,646
5076,646
9533,646
7352,646
7260,646
5705,646
8455,646
869,647
3510,647
4957,647
2298,647
8869,647
1523,647
9736,647
8276,647
7972,647
6125,647
9106,647
5926,647
4713,647
135,648
6744,648
7903,648
191,648
6846,648
9013,648
239,649
7318,649
601,649
7010,649
897,649
3084,649
2105,649
9754,649
3925,649
8513,649
256,650
6465,650
5672,650
273,650
5365,650
5394,650
9828,650
2345,650
2612,650
4233,650
9603,650
5530,650
5847,650
880,650
3974,650
1291,651
5100,651
6651,651
7236,651
8468,651
8768,651
1370,651
9596,651
6551,651
7164,651
5139,651
2506,651
7519,651
1131,652
2311,652
2353,652
8817,652
3560,652
5877,652
9288,652
9844,652
7495,652
2527,652
4860,652
4082,652
1802,653
9395,653
6838,653
2352,653
5989,653
1893,654
9243,654
9681,654
5030,654
7602,654
4378,654
1216,655
3158,655
6305,655
9988,655
8523,655
3484,655
5133,655
8236,655
8282,655
4152,655
908,656
6308,656
5558,656
8612,656
8838,656
2089,656
9280,656
3011,656
5010,656
225,657
9713,657
942,657
3031,657
3,658
1758,658
7346,658
8503,658
2983,658
9296,658
2513,658
9824,658
1010,658
4506,658
1100,658
339,659
5099,659
5591,659
3989,659
6890,659
9758,659
785,659
6212,659
4457,659
4889,659
9286,659
2511,659
9982,659
4435,659
1662,659
3930,659
7691,659
3716,659
295,660
423,660
7852,660
5050,660
2360,660
3853,660
9959,660
6906,660
6628,660
4809,660
9385,660
6860,660
3425,660
3511,660
5357,660
3221,660
6534,660
1397,660
1059,661
5424,661
9476,661
5072,661
1407,661
5652,661
2095,661
5867,661
9960,661
6343,661
1513,661
6915,661
6991,661
84,662
1260,662
1558,662
1108,663
9197,663
1941,663
9040,663
9094,663
1897,663
4741,663
7845,663
3468,663
9875,663
1048,664
7071,664
2229,664
7311,664
2588,664
4470,664
2516,664
3472,664
5780,664
2689,664
9160,664
9043,664
8911,664
766,665
7388,665
6885,665
1879,665
6424,665
4799,665
5043,665
4191,665
1373,665
9890,665
5634,665
3922,665
2429,666
4715,666
2715,666
8586,666
4730,666
2829,666
5709,666
4310,666
3449,666
7286,666
160,667
4905,667
4035,667
4402,667
9520,667
9360,667
54,668
3977,668
8845,668
228,668
3046,668
7525,668
3706,668
8701,668
3754,668
9084,668
2024,668
419,669
6352,669
9304,669
941,669
7419,669
2534,669
3381,669
5134,669
8382,669
2422,669
1143,669
8693,669
9284,669
2885,669
4475,669
7719,669
9916,669
1901,669
3591,669
8420,669
6138,669
8370,669
68,670
9356,670
5422,670
3058,670
5071,670
445,670
3190,670
7211,670
7368,670
2218,670
593,670
385,670
7303,670
6695,670
1177,670
9484,670
655,671
7269,671
5348,671
3671,671
7957,671
7716,671
1977,671
1909,671
8650,671
2393,671
761,672
9719,672
5451,672
8314,672
6037,672
9775,672
4112,672
6544,672
3042,672
6391,672
9752,672
4428,672
1227,673
4269,673
1506,673
3030,673
3216,673
3305,673
2462,673
4465,673
9813,673
8515,673
7524,673
2814,673
6976,673
983,674
4728,674
9301,674
3563,674
7471,674
4462,674
2313,675
6117,675
3831,675
2525,675
9941,675
4615,675
2740,675
4042,675
4525,675
1547,676
2887,676
7579,676
7430,676
2260,676
4339,676
8908,676
9067,676
4245,676
4223,676
5521,676
3686,676
4375,676
8948,676
128,677
633,677
2540,677
845,677
5291,677
9095,677
3376,677
3615,677
885,678
8521,678
9038,678
4964,678
3252,678
6151,678
2662,678
2148,678
9059,678
1584,678
3438,678
5254,678
9501,678
8063,678
781,679
2061,679
5566,679
6796,679
5083,679
1713,679
3155,679
2621,679
9682,679
2103,679
1439,679
7935,679
8043,679
9951,679
13,680
6749,680
470,680
5311,680
35,680
3507,680
4572,680
3035,681
6248,681
4338,681
8035,681
3160,681
478,682
5409,682
2856,682
4323,682
716,682
6457,682
5017,682
3089,682
2949,682
4769,682
4801,682
2811,683
2858,683
8505,683
7627,683
192,684
9521,684
2695,684
559,684
1870,684
8718,684
4014,684
8031,684
1595,684
8056,684
1477,685
9565,685
6472,685
8780,685
4584,685
5397,685
4806,685
6330,685
3020,685
5021,685
7019,685
4461,685
1674,685
6530,685
131,686
1476,686
8892,686
1233,686
1723,686
3701,686
9622,686
4444,686
2681,686
5191,686
5792,686
4687,686
1096,686
2582,686
6218,686
795,686
216,687
5126,687
9723,687
2007,687
5667,687
8326,687
2627,687
3765,687
3052,688
5756,688
8786,688
1267,689
4086,689
4133,689
6699,689
7120,689
2980,689
5593,689
6979,689
2067,689
3992,689
5638,689
1307,690
3028,690
5576,690
3715,690
6716,690
2650,690
5973,690
9149,690
7930,690
1426,690
2371,690
2309,690
3982,690
1029,691
4261,691
8306,691
8754,691
7756,691
3896,691
1285,691
6972,691
2431,691
6156,691
8714,691
5360,691
6641,691
7582,691
346,692
3883,692
6162,692
6985,692
7258,692
2939,692
9380,692
2057,692
4906,692
542,692
435,693
5783,693
712,693
190,694
1368,694
7057,694
3402,694
5230,694
9373,694
6590,694
4098,694
7999,694
5863,694
5195,694
3238,694
2207,694
1066,694
5976,694
652,695
963,695
2241,695
5637,695
2304,695
2514,695
4199,695
1640,695
2623,696
6870,696
4820,696
4829,696
6689,696
9715,696
1159,697
480,698
1412,698
5674,698
9970,698
4671,698
5701,698
669,698
484,699
2250,699
6510,699
650,699
2243,699
5607,699
2026,699
2945,699
6475,699
1365,700
3107,700
6460,700
3679,700
9585,700
2502,700
2348,700
340,701
7414,701
6859,701
6632,701
468,701
9593,701
5027,701
5205,701
9300,701
7076,701
1968,701
5196,701
698,701
1645,702
6946,702
9105,702
8623,702
9888,702
6596,702
533,703
9984,703
2325,703
6794,703
5178,703
7693,703
4464,703
4757,703
4439,703
5974,703
3422,703
6384,703
8219,703
284,704
490,704
2045,704
1157,704
5023,704
8982,704
5937,704
6431,704
6015,704
1485,705
7446,705
6908,705
3499,705
7977,705
6109,705
5811,705
2536,705
3210,705
8896,705
6479,705
591,706
4476,706
5609,706
3979,706
2499,706
2244,706
3880,706
7923,706
3368,706
9555,706
5207,706
7183,706
3025,706
7271,706
2270,707
7770,707
9277,707
5925,707
1339,708
5363,708
1920,708
4815,708
7989,708
3972,708
8875,708
1379,709
1676,709
4449,709
2220,709
3984,709
3774,709
21,710
3060,710
9739,710
1722,710
9061,710
8478,710
3445,710
136,711
8877,711
5555,711
6038,711
6774,711
7237,711
3616,711
8039,711
4731,711
7560,711
5177,711
731,711
2614,711
4389,711
6597,711
5106,711
215,712
1755,712
9012,712
4512,712
3283,712
5093,712
1983,712
234,713
7506,713
6714,713
9571,713
5930,713
424,713
2924,713
4533,713
1208,713
2211,713
6808,713
4322,713
6359,713
7997,713
797,713
1910,713
4298,713
58,714
2952,714
9778,714
7707,714
188,714
2330,714
4983,714
849,714
9969,714
1313,714
1671,714
4075,714
631,715
3687,715
1559,715
9242,715
7465,715
8844,715
9298,715
6523,715
9460,715
162,716
3456,716
3218,716
3526,716
7434,716
8583,716
7313,716
7616,716
5163,716
4351,716
1144,716
9405,716
6044,716
6116,716
309,717
6079,717
2272,717
4154,717
3830,717
9517,717
5832,717
372,718
5292,718
3819,718
4848,718
1238,718
4657,718
5788,718
4070,718
9185,718
6271,718
5865,718
6294,718
5323,718
3778,718
782,719
3908,719
8353,719
9336,719
7086,719
4548,719
9709,719
5210,719
4607,719
8441,719
3137,719
1741,719
8966,719
1085,720
7784,720
4958,720
7754,720
1089,720
1475,720
3863,720
7892,720
8198,720
4588,720
9435,720
3777,720
320,721
2081,721
8923,721
1546,721
9323,721
1113,721
5450,721
9234,721
6747,721
5510,721
3015,721
6568,721
183,722
5211,722
9685,722
291,722
7677,722
7128,722
3176,722
3120,722
1230,722
1141,722
4386,722
1016,722
8,723
5508,723
5824,723
9730,723
4205,723
717,724
2725,724
6962,724
6346,724
4975,724
2287,724
4883,724
4501,724
8237,724
8125,724
7654,724
9413,724
436,725
8528,725
3733,725
4718,725
8174,725
8204,725
7444,725
1470,725
2307,725
8422,725
7776,725
8543,725
270,726
3758,726
6937,726
3281,726
3343,726
8642,726
7648,726
7761,726
4,727
7848,727
574,727
9074,727
2288,728
8330,728
6537,728
5472,728
5569,728
2333,728
5039,728
4429,728
2020,729
5554,729
2131,729
7816,729
4275,729
7314,729
7056,729
2245,729
2857,729
9192,729
6861,729
2476,729
3328,729
179,730
5052,730
8565,730
5131,730
4519,730
9866,730
6022,730
182,731
9016,731
4890,731
988,731
2136,731
3021,731
1150,731
5870,731
6363,731
359,732
4887,732
3901,732
9164,732
8334,732
5606,732
4264,732
3029,732
3384,732
159,733
5748,733
2173,733
8013,733
8257,733
4479,733
5724,733
8572,733
8123,733
6608,733
1183,734
2425,734
9799,734
7365,734
196,735
5527,735
3383,735
4321,735
3672,735
3146,735
3761,735
3561,735
8705,735
442,735
3045,735
125,736
302,736
3115,736
8547,736
2920,736
9953,736
156,737
6440,737
1086,738
7673,738
4065,738
5800,738
3911,738
6467,738
9656,738
7066,738
3502,738
9452,738
5048,738
2488,738
9328,738
6154,738
189,739
3361,739
544,739
1507,739
7063,739
6302,739
2962,739
5665,739
664,740
4695,740
4574,740
1956,740
9260,740
5692,740
9931,740
1033,740
6426,740
7720,740
9368,740
9454,740
725,741
4916,741
3226,741
2726,741
6454,741
6213,741
7105,741
1074,741
2286,741
4142,741
4752,741
4019,741
6842,741
2474,741
3197,742
8728,742
4797,742
7670,742
4755,742
6471,742
140,743
2233,743
736,743
581,743
1192,743
3674,743
8069,743
873,743
8882,743
2748,743
5121,743
4712,743
6429,743
382,744
7796,744
4960,744
5308,744
8264,744
313,745
2303,745
4563,745
984,745
709,745
5025,745
6081,745
8874,745
8999,745
2930,745
1344,745
4540,746
7133,746
5215,746
8212,746
5058,746
7059,746
6878,746
508,747
6341,747
9823,747
6200,747
2948,747
7993,747
648,747
9474,747
4513,747
5645,747
2518,748
2710,748
8548,748
8197,748
4270,748
6259,748
2908,748
3039,748
4063,749
7825,749
6832,749
7838,749
1333,750
5653,750
3885,750
4110,750
9827,750
6755,750
6692,750
1681,750
5077,750
8816,750
1687,750
7179,750
38,751
1453,751
9254,751
6071,751
9049,751
8414,751
7885,751
733,752
3990,752
9379,752
9858,752
9058,752
7034,752
7062,752
3690,752
5767,752
9408,752
1552,752
4767,752
9272,752
7800,752
1739,753
8550,753
8220,753
7703,753
871,754
7117,754
1511,754
3086,754
6760,754
7724,754
2758,754
2436,754
8349,754
6949,754
8247,754
7574,754
486,755
4249,755
4534,755
2383,755
3369,755
4153,755
5455,755
2648,755
9015,755
4105,755
7622,755
3771,755
7900,755
7462,755
296,756
2825,756
7876,756
8779,756
3488,756
1759,756
3002,756
9097,756
4933,756
1020,756
4691,756
808,757
8084,757
2558,757
7302,757
2749,757
8080,757
6093,757
3666,757
6065,757
8703,757
9092,757
1160,757
98,758
5899,758
7641,758
8591,758
5873,758
5183,758
7447,758
7077,758
1593,758
6186,758
3224,758
946,759
4364,759
991,759
1689,759
9450,759
727,760
1441,760
7350,760
2822,760
6052,760
2658,760
1249,761
6766,761
2108,761
6973,761
9208,761
9944,761
804,762
2917,762
2192,762
5908,762
1573,762
4612,762
906,762
6729,762
1261,762
2283,762
5621,762
2670,762
9822,762
274,763
8387,763
6971,763
9814,763
6687,763
7538,763
1997,763
9976,763
1098,763
1093,764
6240,764
3770,764
4356,764
2581,764
6247,764
7591,764
5522,764
9390,764
2510,764
350,765
7007,765
2417,765
857,765
2009,765
6594,765
1660,765
2826,765
2607,765
509,765
4732,765
6610,765
3157,765
18,766
364,766
8917,766
5443,766
4979,766
6198,766
489,767
2853,767
1199,767
5417,767
2455,767
3347,767
6522,767
2866,767
2874,767
9755,767
529,768
3703,768
5805,768
4775,768
7699,768
2396,768
7158,768
625,768
9303,768
3682,768
3665,768
9839,768
645,769
3135,769
7743,769
2632,769
7470,769
9924,769
9985,769
7481,769
4201,769
2197,769
700,769
7836,769
6053,769
6332,769
2928,769
844,769
5611,769
803,769
986,770
3936,770
7774,770
7354,770
3104,770
6075,770
6087,770
4471,770
5276,771
7031,771
6188,771
208,772
6536,772
9864,772
5599,772
4040,772
3295,772
4068,772
10000,772
1348,772
1836,772
237,773
2923,773
455,773
9240,773
1126,773
409,773
4995,773
6226,773
6963,773
4124,773
319,773
32,774
850,774
8104,774
2019,774
6315,774
1509,774
4058,774
4341,774
1228,775
1601,775
7330,775
4382,775
8099,775
9053,775
8752,775
7544,775
5469,775
2204,776
8756,776
5890,776
9782,776
575,777
5008,777
9611,777
5896,777
4294,777
4101,777
8163,777
1527,777
626,778
8046,778
8251,778
2410,778
5583,778
7971,778
9911,778
8265,778
1808,778
2042,779
9025,779
8300,779
4211,779
6576,779
9653,779
3826,779
4541,779
101,780
8880,780
5074,780
9344,780
8748,780
5176,780
180,780
488,780
4454,780
3683,780
6131,780
5618,780
3417,781
4038,781
3421,781
8622,781
3654,781
9588,781
5793,781
3537,781
7711,781
4411,782
8170,782
8524,782
9836,782
4744,782
1467,783
7869,783
7750,783
5216,783
5110,783
9669,783
5201,783
4803,784
7675,784
6849,784
5966,784
8493,784
6684,784
2143,785
8985,785
8001,785
7121,785
3793,785
8225,785
9524,785
3608,785
7637,785
8052,785
2238,785
8861,785
9019,785
2037,786
2840,786
2998,786
415,787
1955,787
2121,787
5912,787
4899,787
1589,787
7037,787
7733,787
3087,787
5310,787
7296,787
3855,788
8876,788
5553,788
6797,788
3517,789
7379,789
9393,789
9415,789
9612,789
3741,789
4027,789
9010,789
2090,790
3250,790
9604,790
5432,790
8418,790
6612,790
8085,790
3628,790
2427,790
2376,790
3941,790
615,791
5643,791
7936,791
4931,791
9573,791
5227,791
8772,791
1609,791
1710,791
774,791
5070,791
5878,791
7281,791
9001,791
4021,791
428,792
2486,792
787,792
3121,792
6810,792
7520,792
550,793
1017,793
8038,793
7809,793
1032,793
7899,793
5945,793
2331,793
2760,793
7725,793
6994,793
2702,793
452,794
2733,794
9230,794
2802,794
7022,794
6947,794
2955,794
2779,794
5626,794
4868,794
7111,794
6872,794
9519,794
389,795
3410,795
5657,795
2633,795
4859,795
8164,795
9594,795
8662,795
8120,795
4559,795
2852,795
7810,795
3595,795
1838,795
8358,795
6386,795
6468,795
1429,796
6690,796
3583,796
9133,796
8233,796
6882,796
3469,796
2645,796
2394,797
8023,797
8453,797
2771,797
5941,797
890,798
8585,798
8507,798
4282,798
9228,798
5332,798
6006,798
1214,799
9865,799
3148,799
3231,799
3067,799
8976,799
1787,799
7814,799
6945,799
4397,799
1690,799
4108,799
1481,799
5354,799
894,800
6328,800
1358,800
3144,800
7502,800
3426,800
3455,800
1709,800
6042,800
9007,800
1621,801
6361,801
6007,801
4344,801
3794,801
6706,801
5953,801
7494,801
8190,801
7012,801
1683,801
4229,801
9742,801
3712,801
9694,801
5470,801
915,802
2818,802
5120,802
5343,802
1500,802
9322,802
502,803
9305,803
2028,803
7940,803
4644,803
4161,803
5492,803
7093,803
8021,803
7147,803
8726,803
2107,803
9370,803
97,804
7067,804
8696,804
684,804
910,804
8621,804
7755,804
7096,804
2184,804
8681,804
3404,804
2971,805
6207,805
8266,805
5079,805
7225,805
3478,805
6005,805
4655,805
5113,806
259,807
1371,807
3937,807
275,807
806,807
3078,807
6286,807
3709,807
562,807
2021,807
2180,807
367,807
9134,807
2362,807
3592,807
670,808
9212,808
9162,808
2200,808
9635,808
3085,808
3385,808
7702,808
2461,808
8676,808
7766,808
1166,808
6563,808
9026,808
535,809
4749,809
3750,809
2435,809
784,809
8592,809
1791,809
838,810
3598,810
3749,810
6453,810
2799,810
6381,810
5246,810
1652,811
8910,811
5293,811
9509,811
1825,811
2687,811
9991,811
5753,811
3166,811
3944,811
2694,811
2624,812
3659,812
7768,812
6163,812
4433,812
1336,813
6579,813
9867,813
4772,813
2075,813
6830,813
8957,813
6373,813
9248,813
9371,813
594,814
740,814
1998,814
8753,814
8007,814
5751,814
1940,814
8451,814
3010,814
9181,814
8390,814
3492,814
5006,814
9831,814
244,815
902,815
7129,815
4436,815
1698,815
1078,815
6790,815
4842,815
6105,815
1117,815
7608,815
6636,815
858,815
9932,815
1556,815
1142,815
3538,815
7134,815
9011,815
2578,816
5514,816
5846,816
2668,816
4257,816
4802,816
8888,816
4236,816
536,817
2267,817
7507,817
5187,817
7251,817
2256,817
4754,817
7558,817
5612,817
9795,817
9091,817
2168,818
9667,818
7479,818
5673,818
3311,818
6983,818
2684,818
167,819
7468,819
7335,819
5812,819
4849,819
200,820
3171,820
753,820
3419,820
3386,820
5958,820
4605,820
2661,820
8419,820
9381,820
3126,820
1316,820
5474,821
553,822
3108,822
3183,822
6835,822
2017,822
1064,823
1193,823
9818,823
3299,823
6803,823
8110,823
1915,823
1548,824
3113,824
5516,824
4603,824
1380,825
9805,825
8417,825
5760,825
2500,825
5339,825
7879,825
5961,825
7386,825
4663,825
9180,825
4278,825
25,826
3316,826
1916,826
1331,826
3181,826
7929,826
6745,826
2766,826
2533,826
7491,826
1688,826
9485,826
6021,826
944,827
3857,827
9759,827
2269,827
3214,827
4357,827
1151,828
7102,828
1780,828
3162,828
9468,828
8483,828
6303,828
6135,828
4858,828
7630,828
176,829
7328,829
7543,829
6543,829
8178,829
5068,829
9928,829
8050,829
9120,829
6789,829
2167,829
9850,829
4566,829
1704,830
8304,830
9608,830
2732,830
9922,830
6233,830
3900,830
3678,830
7713,830
5922,830
5393,830
2154,830
4237,830
9563,830
6409,830
7155,830
667,831
4681,831
7207,831
4418,831
8859,831
4832,831
4140,831
4231,831
8573,831
5436,831
2044,832
7991,832
8299,832
2174,832
9493,832
6851,832
7804,832
3956,832
8774,832
748,833
8984,833
4080,833
916,833
5062,833
7336,833
1627,833
6348,833
1692,833
5669,833
8974,833
8850,833
10,834
9586,834
7666,834
229,835
4726,835
9598,835
4427,835
130,836
6507,836
9130,836
9926,836
263,836
2129,836
4304,836
115,837
4002,837
5984,837
1670,837
9870,837
3346,837
3878,837
7758,837
9868,837
968,838
2784,838
9955,838
9531,838
3688,838
2247,838
3848,838
8798,838
4315,838
1055,838
1946,838
4864,838
2844,838
406,839
1516,839
8951,839
3870,839
4414,839
9927,839
6734,839
8486,839
5435,839
3590,839
8782,839
9362,839
7881,839
2006,839
2976,839
268,840
3318,840
2157,840
8048,840
8995,840
404,840
987,840
4708,840
7412,840
161,841
2016,841
6715,841
6577,841
1783,841
8129,841
9044,841
7913,841
6185,841
8891,841
3573,841
1387,842
1550,842
4942,842
5734,842
6080,842
5156,842
1995,842
2214,843
6410,843
5741,843
7552,843
2276,843
4881,843
4949,843
2608,843
2804,843
4547,843
8629,843
9771,843
5743,843
93,844
9964,844
9547,844
616,844
4996,844
2468,844
4483,844
9638,844
8804,844
2349,844
4128,844
2329,844
592,845
2550,845
9076,845
5014,845
2342,845
2078,845
9936,845
5143,845
2963,846
9756,846
7344,846
5887,846
3337,846
8073,846
4724,846
7323,846
8449,846
7626,846
7803,846
9433,846
154,847
9274,847
4988,847
5258,847
1295,848
8823,848
6408,848
4198,848
6843,848
4484,848
5326,848
859,849
8428,849
9615,849
8366,849
2242,849
3577,849
6172,849
7604,849
6099,849
3188,849
3325,849
9251,849
899,849
8824,849
583,850
9835,850
1009,850
8290,850
1405,850
9416,850
7909,850
6280,850
9683,850
7775,850
6261,850
226,851
6166,851
281,851
3546,851
5981,851
855,852
1434,852
4157,852
1701,852
4371,852
8045,852
6414,852
9446,852
4410,852
2232,852
7847,852
5744,852
831,853
6911,853
9881,853
8967,853
7594,853
6968,853
4869,853
3403,853
5810,853
4167,853
2594,853
5722,853
5940,853
839,854
9876,854
7773,854
5539,854
9748,854
6353,854
2942,854
5087,854
1736,854
2113,855
5567,855
5282,855
8679,855
4207,855
501,856
3191,856
9263,856
5140,856
651,856
5344,856
6000,856
9169,856
5700,856
1071,856
1037,857
1938,857
6957,857
6491,857
4935,857
9170,857
1304,857
2649,857
384,858
9259,858
6638,858
8921,858
1914,858
8833,858
1933,858
9914,858
5297,858
5198,858
388,859
2354,859
1981,859
707,859
6725,859
2347,859
5597,859
816,859
5352,859
861,860
4177,860
5714,860
7683,860
5082,860
5775,860
7727,860
4807,860
930,860
3330,860
6227,860
1515,860
361,861
9291,861
1779,861
7941,861
747,862
886,862
8231,862
2219,862
5884,862
3106,862
9641,862
6106,862
7717,862
6388,862
8561,862
4669,862
823,863
4973,863
4190,863
4929,863
5857,863
4383,863
1391,863
1903,863
3096,863
3663,863
1466,864
3806,864
3233,864
5919,864
2153,865
2361,865
9895,865
4037,865
4990,865
4601,865
3939,865
3141,865
8207,865
1073,866
9672,866
7642,866
7681,866
2783,866
9400,866
9652,866
311,867
9590,867
395,867
4553,867
1973,867
4544,867
7298,867
777,867
1694,867
7367,867
8775,867
757,868
4095,868
7232,868
8673,868
1778,868
4826,868
8619,868
9137,868
9841,868
1525,868
3833,868
6953,868
1081,869
6113,869
6380,869
2346,869
8408,869
2123,869
5391,869
8669,869
2066,869
8269,869
4857,869
8482,869
1986,870
7639,870
6438,870
2423,870
7157,870
7952,870
9666,870
145,871
9411,871
6831,871
356,871
197,871
8709,871
2735,871
2374,871
4780,871
265,871
5192,871
26,872
1167,872
1327,872
7427,872
321,872
5200,872
5136,872
3416,872
7162,872
3566,872
8555,872
8053,872
1541,872
5091,872
5512,872
386,873
7151,873
2188,873
4516,873
8202,873
2655,873
1236,873
8065,873
4381,873
7145,873
4825,873
1312,874
2070,874
3326,874
7316,874
7252,874
8273,874
7256,874
6634,874
7739,874
5405,874
1403,875
1605,875
4823,875
2767,875
7752,875
7456,875
8253,875
6336,875
3110,875
9449,875
1568,876
7553,876
2630,876
3879,876
5615,876
2344,877
3239,877
3727,877
7228,877
4332,877
4688,877
5107,877
3838,877
3808,877
9085,877
4252,877
2467,878
7005,878
5509,878
4812,878
6601,878
9543,878
5506,878
7437,878
8848,878
2535,878
1531,879
7617,879
3892,879
6720,879
9340,879
5697,879
8740,879
8044,879
9576,879
9386,879
1922,879
1518,880
4050,880
5656,880
4394,880
8415,880
3258,880
7160,880
6456,880
8546,880
6098,880
9355,880
2752,881
4480,881
7008,881
9072,881
661,882
9093,882
9431,882
6694,882
5515,882
5419,882
3975,882
6598,882
5298,882
3207,882
4885,882
2773,882
9883,882
8293,882
4912,882
2117,883
8241,883
9378,883
8090,883
9950,883
4787,883
2777,883
7700,883
4319,883
368,884
5822,884
7910,884
568,884
5538,884
4129,884
9954,884
5880,884
3430,884
531,884
7905,884
2466,884
6364,885
7729,885
9279,885
929,886
4543,886
3259,886
7268,886
4873,886
9544,886
4104,886
2077,886
4585,886
7239,886
3388,886
7649,886
8836,886
5633,886
1006,887
9004,887
7333,887
9995,887
1224,887
1706,887
6040,887
4692,888
6144,888
7250,888
1083,889
6175,889
8227,889
7185,889
9757,889
6827,889
3524,889
4909,889
5584,889
1740,889
7925,889
2554,889
7621,889
4340,889
2589,889
336,890
837,890
2481,890
1290,890
9046,890
4111,891
8677,891
6560,891
446,892
5229,892
7536,892
1551,892
3904,892
3081,892
2941,892
7516,892
6570,892
8595,892
522,893
843,893
8652,893
7453,893
1845,893
9786,893
2249,893
9684,893
3129,893
6089,893
1678,894
5929,894
7875,894
9660,894
2465,894
7981,894
8563,894
6934,894
7282,894
3168,894
1170,895
9438,895
8593,895
4719,895
2380,895
266,896
7226,896
6122,896
2751,896
9873,896
8136,896
9797,896
8977,896
1385,896
7871,896
6366,896
4763,896
912,896
2706,896
5242,896
3208,896
4738,896
1428,897
8972,897
2206,897
3205,897
7051,897
539,898
8397,898
1831,898
2308,898
1935,898
8808,898
2830,898
737,898
6262,898
3843,898
9662,898
1613,898
2187,898
5217,898
2881,898
6121,898
599,898
1851,899
9761,899
8457,899
5231,899
3270,899
4333,899
267,900
8079,900
8218,900
7686,900
8303,900
1300,900
5623,900
3847,900
1,901
4768,901
9512,901
6013,901
6290,901
9616,901
2104,901
1225,901
1299,901
7451,901
7611,901
6990,901
2958,901
8280,901
6658,901
146,902
433,902
6382,902
8566,902
608,903
8801,903
8839,903
9808,903
8130,903
6664,903
6884,903
5125,903
9099,903
8250,903
6704,903
4944,903
8890,903
398,904
854,904
7687,904
5991,904
1449,904
6822,904
2820,904
4285,904
7415,904
1023,904
1038,904
4028,904
1396,904
2721,904
4169,904
750,905
6488,905
2183,905
744,906
1015,906
2579,906
6170,906
1044,906
3810,906
4508,906
7890,906
5235,906
7254,906
9035,906
3392,906
1218,907
2290,907
8249,907
2176,907
7846,907
1947,907
8131,907
9202,907
4852,907
1092,908
1881,908
1162,908
6542,908
7407,908
2545,908
7857,908
2603,908
3329,908
7417,908
383,909
1898,909
9045,909
6877,909
7526,909
3691,909
3531,909
9508,909
7927,909
1075,909
3994,909
7655,909
3540,909
948,909
8494,909
3919,909
1856,910
6421,910
3717,910
6277,910
4216,910
9352,910
3236,910
8162,910
6,911
5957,911
5124,911
5830,911
9050,911
48,911
3702,911
3375,911
6236,911
6735,911
422,912
6817,912
6742,912
2335,912
6671,912
2615,912
6578,912
9930,912
5993,912
412,913
5622,913
4565,913
9425,913
2305,913
9348,913
6396,913
1068,913
201,914
8943,914
2141,914
6764,914
4387,914
5442,914
2973,914
4953,914
2048,915
5447,915
5852,915
7257,915
3824,915
6888,915
4680,915
6060,915
9065,915
1031,916
9609,916
3331,916
1322,916
2813,916
2787,916
7826,916
1679,917
2899,917
2181,917
2788,917
4220,917
7828,917
7793,917
8499,917
5707,917
5383,917
6770,917
3951,917
1571,918
1596,918
5401,918
2230,919
6365,919
9925,919
7653,919
282,920
5403,920
5461,920
6292,920
4145,920
9056,920
4781,920
6863,920
584,920
738,921
4886,921
7697,921
8346,921
9477,921
5679,922
8858,922
7476,922
8364,922
7474,922
7478,922
8059,922
7060,922
2355,923
5022,923
4175,923
6314,923
5146,924
9222,924
9051,924
230,925
3163,925
9142,925
6100,925
862,925
5641,925
3646,925
5688,925
6306,925
6445,925
8698,925
5809,925
6342,925
1357,926
2114,926
7325,926
5602,926
8379,926
9109,926
4651,926
7512,926
7,927
1632,927
7438,927
7858,927
7918,927
6217,927
5501,927
5333,927
34,928
6088,928
6525,928
3500,928
1877,928
2484,928
1611,928
327,929
9346,929
2205,929
3551,929
9711,929
1603,929
4521,929
7546,929
5825,929
1353,929
1727,929
7667,929
5145,929
4239,929
1240,930
8192,930
6763,930
2764,930
1974,930
4791,930
8279,930
5341,930
6867,930
510,931
9173,931
9078,931
1028,931
2439,931
9394,931
7274,931
1342,931
6168,931
809,931
3169,931
9350,931
211,932
7596,932
2130,932
1030,932
4033,932
2586,932
7701,932
1109,933
4786,933
6295,933
8068,933
8460,933
8666,933
8688,933
7013,933
5766,933
8061,933
4626,933
1302,934
3865,934
3435,934
2191,934
4976,934
5428,934
2386,934
2224,934
8818,935
9617,935
120,936
214,936
5188,936
3317,936
6918,936
9591,936
413,936
4966,936
4390,936
4121,936
4494,936
5750,936
308,937
2381,937
3378,937
9451,937
9231,937
708,938
8997,938
2542,939
8929,939
5448,939
4228,939
8464,939
3209,939
3602,939
9309,939
8351,939
7618,939
1648,940
7017,940
2407,940
1768,940
3023,940
3070,940
8055,940
4009,940
2884,940
9239,940
482,941
6752,941
6224,941
7272,941
6592,941
8643,941
1944,941
8436,941
1099,941
3088,941
8912,941
589,942
4993,942
7262,942
892,942
7578,942
1844,942
5411,942
6948,942
2742,942
3322,942
6160,942
276,943
5537,943
5915,943
4999,943
5479,943
4113,943
5765,943
7006,943
4284,943
3079,943
1673,944
7324,944
7613,944
4260,944
5988,944
9722,944
2401,944
1765,944
5295,944
2373,944
9717,944
9406,944
347,945
4510,945
1392,945
9528,945
6587,945
4159,945
975,945
9910,945
1657,945
2560,945
9787,945
7082,945
5117,945
4367,945
6273,945
827,946
7097,946
4593,946
9994,946
9558,946
7204,946
6995,946
3359,946
8188,946
955,946
9538,946
6128,946
2526,946
6620,946
441,947
3287,947
5614,947
8072,947
9980,947
7363,947
260,948
5891,948
1519,948
5570,948
903,948
5320,948
5388,948
3997,948
8232,948
9157,948
2268,949
3854,949
9842,949
1427,950
4374,950
2201,950
7780,950
8465,950
7595,950
3276,950
9661,950
3684,950
5689,950
1899,951
7535,951
2865,951
8272,951
6996,951
8610,951
1024,952
2780,952
6092,952
6193,952
3423,952
8820,952
4240,952
6461,952
524,953
1545,953
1056,953
3248,953
1715,953
9268,953
4355,953
2060,953
1399,953
5049,953
2563,953
6738,953
1908,953
1958,953
1178,953
8927,953
3130,953
82,954
8403,954
2293,954
9138,954
8427,954
7959,954
9117,954
7248,954
8452,954
2986,955
4514,955
6824,955
7429,955
5243,955
3814,955
9403,955
6516,955
2074,956
2803,956
5655,956
5605,956
9869,956
4352,956
8169,956
7820,956
3698,956
44,957
2434,957
1452,957
6028,957
3007,957
555,957
3360,958
8646,958
3389,958
8811,958
6195,958
6514,958
1773,959
8509,959
8407,959
5111,959
5910,959
8316,959
2093,959
5155,959
5064,959
5952,960
6526,960
6243,960
9937,960
7541,960
1294,961
4393,961
2910,961
5885,961
7371,961
7708,961
7477,961
8657,961
5757,961
9578,961
1045,962
3000,962
1080,962
3059,962
8006,962
9471,962
1918,962
2237,962
9307,962
3357,962
710,963
3876,963
3483,963
2190,963
8176,963
8206,963
7418,963
9546,963
8608,963
5338,963
4628,963
565,964
8682,964
7584,964
7142,964
6287,964
497,965
7216,965
6434,965
1266,965
1617,966
7139,966
2106,966
3125,966
7046,966
5019,966
2860,966
7893,966
8193,966
6669,966
8189,966
3485,966
6187,966
4348,966
7083,966
4641,966
2008,967
7555,967
3285,967
3198,967
629,968
789,968
8447,968
2397,968
2056,968
7898,968
6501,968
6318,968
9290,968
9255,968
1318,969
2716,969
6301,969
8835,969
2169,969
3601,969
4379,969
1782,970
6354,970
3109,970
9490,970
1861,970
2265,970
2300,970
2457,970
549,971
7499,971
4659,971
5528,972
8510,972
947,973
7299,973
3805,973
3739,973
2584,973
3673,973
8834,973
9210,973
2339,973
5831,973
6922,973
1869,973
1462,973
9090,973
596,974
9434,974
6889,974
5406,974
746,974
1394,974
6094,974
1696,974
1501,974
9492,974
8119,974
3040,975
8724,975
5314,975
5849,975
4135,975
3968,975
1274,976
4407,976
6839,976
2759,976
4497,976
2697,976
6058,976
400,977
4977,977
7974,977
3520,977
6656,977
5905,977
8471,977
1760,977
4023,977
4578,977
7851,977
4395,977
185,978
5523,978
8454,978
1480,978
7827,978
9132,978
4569,978
9621,978
3726,978
7372,978
957,979
9213,979
8590,979
9919,979
7165,979
689,980
6837,980
891,980
1980,980
6416,980
2946,981
9840,981
7781,981
8430,981
6130,981
7374,981
756,982
5305,982
7360,982
7818,982
7024,982
7069,982
1465,983
6652,983
8899,983
6557,983
6549,983
9003,983
7309,983
8445,983
6219,983
9562,983
3437,983
6275,983
4092,984
6263,984
8710,984
5845,984
9318,984
379,985
4856,985
5173,985
3555,985
6493,985
4242,986
8747,986
3116,987
4254,987
9227,987
6001,987
8041,987
4689,987
1602,988
6773,988
9549,988
6862,988
8470,988
5833,988
3962,988
578,989
5329,989
9696,989
7895,989
2776,989
8426,989
9414,989
6155,989
2202,990
8980,990
7950,990
5147,990
8613,990
4491,990
7955,991
9589,991
9700,991
836,992
3265,992
2122,992
4998,992
2619,992
5153,992
5267,992
9949,992
6674,992
1823,992
9294,992
8722,992
278,993
6964,993
3064,993
1777,993
2977,993
8319,993
6936,993
9166,993
4895,993
1115,994
3393,994
6903,994
1478,994
5004,994
7943,994
2251,994
3576,994
3374,994
3335,994
7966,994
9939,994
7241,995
8640,995
9229,995
27,996
1436,996
2489,996
8384,996
3757,996
2368,996
4792,996
2322,996
402,996
9553,996
9345,996
70,997
1039,997
617,997
1001,997
9005,997
9461,997
9779,997
814,997
1454,997
3253,997
5858,997
2964,997
8792,997
5256,997
8901,997
2172,997
210,997
373,998
8019,998
7710,998
4662,998
8516,998
6402,998
1654,999
2409,999
8086,999
5157,999
9838,999
4554,999
6067,999
9999,999
8931,999
8564,1000
9783,1000
9740,1000
9009,1000
